,name,price,old price,discount,brand,percent
0,Стандартное мужское кожаное пальто с вертикальным воротником и рисунком,25191,27990,With Discount,LC Waikiki,10
1,Мужской пуховик с капюшоном,36891,40990,With Discount,LC Waikiki,10
2,Куртка мужская стандартного кроя из искусственной замши с воротником-стойкой,16793,23990,With Discount,LC Waikiki,30
3,Куртка,10194,16990,With Discount,LC Waikiki,40
4,Куртка мужская байкерская приталенная из экокожи,19794,32990,With Discount,LC Waikiki,40
5,Куртка мужская зауженная с капюшоном вязаная,20993,29990,With Discount,LC Waikiki,30
6,Куртка,12995,25990,With Discount,LC Waikiki,50
7,Куртка мужская байкерская приталенная из экокожи,23093,32990,With Discount,LC Waikiki,30
8,Дутая мужская куртка со стандартным вертикальным воротником,8394,13990,With Discount,LC Waikiki,40
9,Куртка мужская зауженная с капюшоном вязаная,17994,29990,With Discount,LC Waikiki,40
10,Куртка мужская приталенная с воротником-стойкой из экокожи,19794,32990,With Discount,LC Waikiki,40
11,Мужская легкая куртка с капюшоном,17994,29990,With Discount,LC Waikiki,40
12,Мужская легкая куртка с капюшоном,15594,25990,With Discount,LC Waikiki,40
13,Халат мужской,19794,32990,With Discount,LC Waikiki,40
14,Куртка мужская с высоким воротом,17994,29990,With Discount,LC Waikiki,40
15,Куртка мужская байкерская приталенная из экокожи,23093,32990,With Discount,LC Waikiki,30
16,Куртка мужская зауженная с капюшоном вязаная,20993,29990,With Discount,LC Waikiki,30
17,Куртка мужская приталенная с воротником-стойкой из экокожи,25191,27990,With Discount,LC Waikiki,10
18,Тонкое мужское пальто с высоким воротником ,10794,17990,With Discount,LC Waikiki,40
19,Дутая куртка,17394,28990,With Discount,LC Waikiki,40
20,Куртка мужская,16793,23990,With Discount,LC Waikiki,30
21,Куртка,13592,16990,With Discount,LC Waikiki,20
22,Куртка мужская с капюшоном вязаная,19192,23990,With Discount,LC Waikiki,20
23,Бомбер мужской,11193,15990,With Discount,LC Waikiki,30
24,Бомбер мужской,11193,15990,With Discount,LC Waikiki,30
25,Куртка мужская с высоким воротом,20993,29990,With Discount,LC Waikiki,30
26,Стандартное мужское кожаное пальто с вертикальным воротником и рисунком,21693,30990,With Discount,LC Waikiki,30
27,Бомбер мужской,11193,15990,With Discount,LC Waikiki,30
28,Куртка мужская вязаная приталенная LCW VISION,18193,25990,With Discount,LC Waikiki,30
29,Бомбер мужской зауженный,17493,24990,With Discount,LC Waikiki,30
30,Куртка-рубашка мужская из искусственной замши,20993,29990,With Discount,LC Waikiki,30
31,Куртка мужская приталенная с воротником-стойкой из экокожи,23093,32990,With Discount,LC Waikiki,30
32,Куртка,23093,32990,With Discount,LC Waikiki,30
33,Куртка мужская стандартного кроя из искусственной замши с воротником-стойкой,19192,23990,With Discount,LC Waikiki,20
34,Куртка мужская стандартного кроя из искусственной замши с воротником-стойкой,19192,23990,With Discount,LC Waikiki,20
35,Стандартное мужское кожаное пальто с вертикальным воротником и рисунком,20792,25990,With Discount,LC Waikiki,20
36,Дутая мужская куртка со стандартным вертикальным воротником,23391,25990,With Discount,LC Waikiki,10
37,Мужской пуховик с капюшоном,23391,25990,With Discount,LC Waikiki,10
38,Стандартное мужское кожаное пальто с вертикальным воротником и рисунком,25191,27990,With Discount,LC Waikiki,10
39,Куртка мужская стандартного кроя из искусственной замши с воротником-стойкой,19791,21990,With Discount,LC Waikiki,10
40,Куртка мужская зауженная с капюшоном вязаная,23391,25990,With Discount,LC Waikiki,10
41,Ветровка,13993,19990,With Discount,LC Waikiki,30
42,Мужской пуховик с капюшоном,32391,35990,With Discount,LC Waikiki,10
43,Мужской пуховик с капюшоном,32391,35990,With Discount,LC Waikiki,10
44,Бомбер мужской,12792,15990,With Discount,LC Waikiki,20
45,Тонкое мужское пальто с высоким воротником ,17991,19990,With Discount,LC Waikiki,10
46,Куртка мужская зауженная с капюшоном вязаная,19992,24990,With Discount,LC Waikiki,20
47,Дутая мужская куртка со стандартным вертикальным воротником,24792,30990,With Discount,LC Waikiki,20
48,Дутая мужская куртка со стандартным вертикальным воротником,23192,28990,With Discount,LC Waikiki,20
49,Дутая мужская куртка со стандартным вертикальным воротником,20792,25990,With Discount,LC Waikiki,20
50,Тонкое мужское пальто с высоким воротником ,15992,19990,With Discount,LC Waikiki,20
51,Куртка-рубашка мужская LCW VISION,20792,25990,With Discount,LC Waikiki,20
52,Мужское пальто ,27992,34990,With Discount,LC Waikiki,20
53,Мужская легкая куртка с капюшоном,23992,29990,With Discount,LC Waikiki,20
54,Куртка-рубашка мужская LCW VISION,20792,25990,With Discount,LC Waikiki,20
55,Дутая мужская куртка со стандартным вертикальным воротником,24792,30990,With Discount,LC Waikiki,20
56,Стандартное мужское кожаное пальто с вертикальным воротником и рисунком,20792,25990,With Discount,LC Waikiki,20
57,Куртка мужская с высоким воротом,23992,29990,With Discount,LC Waikiki,20
58,Пальто мужское стандартного кроя с капюшоном,31992,39990,With Discount,LC Waikiki,20
59,Куртка,15992,19990,With Discount,LC Waikiki,20
60,Пальто мужское стандартного кроя с воротником-стойкой,13592,16990,With Discount,LC Waikiki,20
61,Мужское пальто ,27992,34990,With Discount,LC Waikiki,20
62,Куртка мужская приталенная с воротником-стойкой из экокожи,25191,27990,With Discount,LC Waikiki,10
63,Стандартное мужское кожаное пальто с вертикальным воротником и рисунком,15192,18990,With Discount,LC Waikiki,20
64,Мужской пуховик с капюшоном,23391,25990,With Discount,LC Waikiki,10
65,Теплое мужское пальто с капюшоном,24792,30990,With Discount,LC Waikiki,20
66,Лёгкая куртка мужская стандартного кроя с капюшоном,17592,21990,With Discount,LC Waikiki,20
67,Мужской пуховик с капюшоном,32391,35990,With Discount,LC Waikiki,10
68,Куртка мужская приталенная с воротником-стойкой из экокожи,22491,24990,With Discount,LC Waikiki,10
69,Мужской пуховик с капюшоном,13491,14990,With Discount,LC Waikiki,10
70,Мужской пуховик с капюшоном,33291,36990,With Discount,LC Waikiki,10
71,Мужской пуховик с капюшоном,33291,36990,With Discount,LC Waikiki,10
72,Пуховик мужской,19791,21990,With Discount,LC Waikiki,10
73,Куртка,15291,16990,With Discount,LC Waikiki,10
74,Стандартное мужское кожаное пальто с вертикальным воротником и рисунком,27891,30990,With Discount,LC Waikiki,10
75,Бомбер мужской,19791,21990,With Discount,LC Waikiki,10
76,Стандартное мужское кожаное пальто с вертикальным воротником и рисунком,25191,27990,With Discount,LC Waikiki,10
77,Пальто мужское стандартного кроя с воротником-стойкой,26091,28990,With Discount,LC Waikiki,10
78,Мужской пуховик с капюшоном,33291,36990,With Discount,LC Waikiki,10
79,Удобное мужское пуховое пальто с высоким воротником,27891,30990,With Discount,LC Waikiki,10
80,Дутая мужская куртка со стандартным вертикальным воротником,12591,13990,With Discount,LC Waikiki,10
81,Дутая мужская куртка со стандартным вертикальным воротником,12591,13990,With Discount,LC Waikiki,10
82,Дутая мужская куртка со стандартным вертикальным воротником,12591,13990,With Discount,LC Waikiki,10
83,Мужской пуховик с капюшоном,13491,14990,With Discount,LC Waikiki,10
84,Удобное мужское пуховое пальто с высоким воротником,20691,22990,With Discount,LC Waikiki,10
85,Мужской пуховик с удобным капюшоном,19791,21990,With Discount,LC Waikiki,10
86,Дутая мужская куртка со стандартным вертикальным воротником,28791,31990,With Discount,LC Waikiki,10
87,Пальто мужское стандартного кроя с воротником-стойкой,21591,23990,With Discount,LC Waikiki,10
88,Пальто мужское стандартного кроя с воротником-стойкой,14391,15990,With Discount,LC Waikiki,10
89,Куртка,17991,19990,With Discount,LC Waikiki,10
90,Куртка мужская с меховым воротником из бархата,26991,29990,With Discount,LC Waikiki,10
91,Удобное мужское пуховое пальто с высоким воротником,27891,30990,With Discount,LC Waikiki,10
92,Пальто мужское стандартного кроя с воротником-стойкой,17091,18990,With Discount,LC Waikiki,10
93,Куртка мужская,19791,21990,With Discount,LC Waikiki,10
94,Мужская легкая куртка с капюшоном,26991,29990,With Discount,LC Waikiki,10
95,Куртка мужская,28791,31990,With Discount,LC Waikiki,10
96,Кожанная куртка мужская стандартного кроя ,17091,18990,With Discount,LC Waikiki,10
97,Куртка-рубашка мужская LCW VISION,43191,47990,With Discount,LC Waikiki,10
98,Стандартное мужское кожаное пальто с вертикальным воротником и рисунком,28791,31990,With Discount,LC Waikiki,10
99,Бомбер мужской,17991,19990,With Discount,LC Waikiki,10
100,Куртка,17991,19990,With Discount,LC Waikiki,10
101,Толстовка мужская спортивная с воротником-стойкой из пике,26991,29990,With Discount,LC Waikiki,10
102,Пуховик мужской,19791,21990,With Discount,LC Waikiki,10
103,Куртка мужская приталенная с воротником-стойкой из экокожи,22491,24990,With Discount,LC Waikiki,10
104,Удобное мужское пуховое пальто с высоким воротником,27891,30990,With Discount,LC Waikiki,10
105,Пальто мужское стандартного кроя с капюшоном,43191,47990,With Discount,LC Waikiki,10
106,Пальто мужское стандартного кроя с капюшоном,43191,47990,With Discount,LC Waikiki,10
107,Куртка мужская зауженная с капюшоном вязаная,26991,29990,With Discount,LC Waikiki,10
108,Мужская легкая куртка с капюшоном,26991,29990,With Discount,LC Waikiki,10
109,Мужской пуховик с капюшоном,13491,14990,With Discount,LC Waikiki,10
110,Куртка мужская с меховым воротником из бархата,26991,29990,With Discount,LC Waikiki,10
111,Мужской пуховик с капюшоном,33291,36990,With Discount,LC Waikiki,10
112,Мужской пуховик с капюшоном,36891,40990,With Discount,LC Waikiki,10
113,Мужской пуховик с капюшоном,32391,35990,With Discount,LC Waikiki,10
114,Мужской пуховик с удобным капюшоном,19791,21990,With Discount,LC Waikiki,10
115,Куртка мужская зауженная с капюшоном,23391,25990,With Discount,LC Waikiki,10
116,Толстовка мужская спортивная с воротником-стойкой из пике,26991,29990,With Discount,LC Waikiki,10
117,Мужской пуховик с капюшоном,33291,36990,With Discount,LC Waikiki,10
118,Куртка мужская джинсовая,27891,30990,With Discount,LC Waikiki,10
119,Удобное мужское пуховое пальто с высоким воротником,27891,30990,With Discount,LC Waikiki,10
120,Куртка,17991,19990,With Discount,LC Waikiki,10
121,Бомбер мужской,17991,19990,With Discount,LC Waikiki,10
122,Куртка мужская,19791,21990,With Discount,LC Waikiki,10
123,Куртка,17091,18990,With Discount,LC Waikiki,10
124,Пальто мужское стандартного кроя с воротником-стойкой,21591,23990,With Discount,LC Waikiki,10
125,Мужской пуховик с капюшоном,45891,50990,With Discount,LC Waikiki,10
126,Парка мужская с капюшоном,46791,51990,With Discount,LC Waikiki,10
127,Куртка мужская,28791,31990,With Discount,LC Waikiki,10
128,Куртка мужская стандартного кроя из искусственной замши с воротником-стойкой,19791,21990,With Discount,LC Waikiki,10
129,Дутая мужская куртка со стандартным вертикальным воротником,15291,16990,With Discount,LC Waikiki,10
130,Кожанная куртка мужская стандартного кроя ,17091,18990,With Discount,LC Waikiki,10
131,Мужской пуховик с капюшоном,13491,14990,With Discount,LC Waikiki,10
132,Куртка мужская с рубашечным воротником из денима,25191,27990,With Discount,LC Waikiki,10
133,Дутая мужская куртка со стандартным вертикальным воротником,12591,13990,With Discount,LC Waikiki,10
134,Пальто мужское стандартного кроя с капюшоном,35991,39990,With Discount,LC Waikiki,10
135,Куртка мужская стандартного кроя из искусственной замши с воротником-стойкой,26991,29990,With Discount,LC Waikiki,10
136,Пальто мужское стандартного кроя с воротником-стойкой,28791,31990,With Discount,LC Waikiki,10
137,Парка мужская с капюшоном,43191,47990,With Discount,LC Waikiki,10
138,Удобное мужское пуховое пальто с высоким воротником,20691,22990,With Discount,LC Waikiki,10
139,Стандартное мужское кожаное пальто с вертикальным воротником и рисунком,27891,30990,With Discount,LC Waikiki,10
140,Удобное мужское пуховое пальто с высоким воротником,27891,30990,With Discount,LC Waikiki,10
141,Пальто мужское стандартного кроя с воротником-стойкой,23391,25990,With Discount,LC Waikiki,10
142,Удобное мужское пуховое пальто с высоким воротником,20691,22990,With Discount,LC Waikiki,10
143,Пальто мужское стандартного кроя с капюшоном,43191,47990,With Discount,LC Waikiki,10
144,Куртка мужская,32391,35990,With Discount,LC Waikiki,10
145,Парка мужская с капюшоном утепленная,41391,45990,With Discount,LC Waikiki,10
146,Пальто мужское стандартного кроя с капюшоном,26991,29990,With Discount,LC Waikiki,10
147,Куртка мужская приталенная с воротником-стойкой из экокожи,29691,32990,With Discount,LC Waikiki,10
148,Куртка мужская,32391,35990,With Discount,LC Waikiki,10
149,Куртка мужская,32391,35990,With Discount,LC Waikiki,10
150,Ветровка,14391,15990,With Discount,LC Waikiki,10
151,Стандартное мужское кожаное пальто с вертикальным воротником и рисунком,25191,27990,With Discount,LC Waikiki,10
152,Пальто мужское стандартного кроя с капюшоном,26991,29990,With Discount,LC Waikiki,10
153,Куртка,28990,-,No Discount,LC Waikiki,0
154,Пальто мужское стандартного кроя с капюшоном,37990,-,No Discount,LC Waikiki,0
155,Бомбер мужской,19791,21990,With Discount,LC Waikiki,10
156,Стандартное мужское кожаное пальто с вертикальным воротником и рисунком,29990,-,No Discount,LC Waikiki,0
157,Бомбер мужской,19791,21990,With Discount,LC Waikiki,10
158,Мужской пуховик с капюшоном,14990,-,No Discount,LC Waikiki,0
159,Лёгкая куртка мужская стандартного кроя с капюшоном,15990,-,No Discount,LC Waikiki,0
160,Куртка мужская с капюшоном утепленная,30990,-,No Discount,LC Waikiki,0
161,Стандартное мужское кожаное пальто с вертикальным воротником и рисунком,27990,-,No Discount,LC Waikiki,0
162,Мужской пуховик с капюшоном,15990,-,No Discount,LC Waikiki,0
163,Мужской пуховик с капюшоном,15990,-,No Discount,LC Waikiki,0
164,Дутая мужская куртка со стандартным вертикальным воротником,16990,-,No Discount,LC Waikiki,0
165,Тонкое мужское пальто с высоким воротником ,17990,-,No Discount,LC Waikiki,0
166,Куртка-рубашка мужская LCW VISION,25990,-,No Discount,LC Waikiki,0
167,Куртка мужская приталенная с воротником-стойкой из экокожи,24990,-,No Discount,LC Waikiki,0
168,Куртка мужская с рубашечным воротником из денима,27990,-,No Discount,LC Waikiki,0
169,Мужской пуховик с капюшоном,43990,-,No Discount,LC Waikiki,0
170,Куртка,27990,-,No Discount,LC Waikiki,0
171,Дутая мужская куртка со стандартным вертикальным воротником,25990,-,No Discount,LC Waikiki,0
172,Куртка мужская с воротником-стойкой вязаная,24990,-,No Discount,LC Waikiki,0
173,Пальто мужское стандартного кроя с капюшоном,50990,-,No Discount,LC Waikiki,0
174,Куртка-бомбер мужская комфортного кроя,19990,-,No Discount,LC Waikiki,0
175,Пальто мужское стандартного кроя с капюшоном,47990,-,No Discount,LC Waikiki,0
176,Куртка мужская с воротником-стойкой вязаная,16990,-,No Discount,LC Waikiki,0
177,Мужской пуховик с капюшоном,18990,-,No Discount,LC Waikiki,0
178,Мужской пуховик с капюшоном,26990,-,No Discount,LC Waikiki,0
179,Мужской пуховик с капюшоном,18990,-,No Discount,LC Waikiki,0
180,Пальто мужское стандартного кроя с воротником-стойкой,28990,-,No Discount,LC Waikiki,0
181,Куртка,16990,-,No Discount,LC Waikiki,0
182,Лёгкая куртка мужская стандартного кроя с капюшоном,15990,-,No Discount,LC Waikiki,0
183,Куртка,14990,-,No Discount,LC Waikiki,0
184,Дутая мужская куртка со стандартным вертикальным воротником,23990,-,No Discount,LC Waikiki,0
185,Ветровка,15990,-,No Discount,LC Waikiki,0
186,Стандартное мужское кожаное пальто с вертикальным воротником и рисунком,27990,-,No Discount,LC Waikiki,0
187,Куртка мужская байкерская приталенная из экокожи,21990,-,No Discount,LC Waikiki,0
188,Куртка мужская зауженная с рубашечным воротником из эко кожи,21990,-,No Discount,LC Waikiki,0
189,Куртка мужская приталенная с высоким воротом на пуху,16990,-,No Discount,LC Waikiki,0
190,Куртка мужская с воротником-стойкой,23990,-,No Discount,LC Waikiki,0
191,Куртка мужская зауженная с капюшоном,32990,-,No Discount,LC Waikiki,0
192,Куртка мужская,17990,-,No Discount,LC Waikiki,0
193,LCW CLASSIC Куртка мужская стандартного кроя,19990,-,No Discount,LC Waikiki,0
194,Стандартное мужское кожаное пальто с вертикальным воротником и рисунком,18990,-,No Discount,LC Waikiki,0
195,Мужское замшевое пальто с укороченным воротом на молнии,19990,-,No Discount,LC Waikiki,0
196,Куртка,15990,-,No Discount,LC Waikiki,0
197,Куртка мужская,23990,-,No Discount,LC Waikiki,0
198,Куртка,15990,-,No Discount,LC Waikiki,0
199,Пальто,44990,-,No Discount,LC Waikiki,0
200,Пальто мужское стандартного кроя с воротником-стойкой,23990,-,No Discount,LC Waikiki,0
201,Стеганая мужская куртка удлиненная свободного кроя с капюшоном,32990,-,No Discount,LC Waikiki,0
202,Куртка мужская с высоким воротом,19990,-,No Discount,LC Waikiki,0
203,Куртка мужская приталенная с воротником-стойкой из экокожи,27990,-,No Discount,LC Waikiki,0
204,Пальто мужское стандартного кроя с капюшоном,29990,-,No Discount,LC Waikiki,0
205,Куртка мужская облегченная с рубашечным воротником,11990,-,No Discount,LC Waikiki,0
206,Куртка мужская приталенная с воротником-стойкой из экокожи,32990,-,No Discount,LC Waikiki,0
207,Парка,30990,-,No Discount,LC Waikiki,0
208,Парка мужская с капюшоном утепленная,37990,-,No Discount,LC Waikiki,0
209,Куртка,20990,-,No Discount,LC Waikiki,0
210,Куртка мужская,19990,-,No Discount,LC Waikiki,0
211,Парка,29990,-,No Discount,LC Waikiki,0
212,ПУХОВИК С ВОРОТНИКОМ В ТОН,42990,-,No Discount,Zara,0
213,"УТЕПЛЕННАЯ КУРТКА С
 КАРМАНАМИ",42990,-,No Discount,Zara,0
214,"УТЕПЛЕННАЯ КУРТКА С
 КАРМАНАМИ",42990,-,No Discount,Zara,0
215,"УТЕПЛЕННАЯ КУРТКА С
 КАРМАНАМИ",42990,-,No Discount,Zara,0
216,"УТЕПЛЕННАЯ КУРТКА С
 КАРМАНАМИ",42990,-,No Discount,Zara,0
217,"СТЕГАНАЯ КУРТКА ИЗ
 ИСКУССТВЕННОЙ КОЖИ",50990,-,No Discount,Zara,0
218,"ПУХОВИК ИЗ ИСКУССТВЕННОЙ
 КОЖИ",59990,-,No Discount,Zara,0
219,"ПУХОВИК ИЗ ИСКУССТВЕННОЙ
 КОЖИ",59990,-,No Discount,Zara,0
220,"КУРТКА-БОМБЕР ИЗ ИСКУССТВЕННОЙ
 КОЖИ",42990,-,No Discount,Zara,0
221,"КУРТКА-БОМБЕР ИЗ ИСКУССТВЕННОЙ
 КОЖИ",42990,-,No Discount,Zara,0
222,БЛЕСТЯЩАЯ СТЕГАНАЯ КУРТКА,50990,-,No Discount,Zara,0
223,"СТЕГАНАЯ КУРТКА С
 КАПЮШОНОМ",50990,-,No Discount,Zara,0
224,"СТЕГАНАЯ КУРТКА С
 КАПЮШОНОМ",50990,-,No Discount,Zara,0
225,БЛЕСТЯЩИЙ СТЕГАНЫЙ ЖИЛЕТ,34990,-,No Discount,Zara,0
226,БЛЕСТЯЩИЙ СТЕГАНЫЙ ЖИЛЕТ,34990,-,No Discount,Zara,0
227,СТЕГАНАЯ ПАРКА С КАПЮШОНОМ,69990,-,No Discount,Zara,0
228,ПУХОВИК С КАПЮШОНОМ,65990,-,No Discount,Zara,0
229,ПУХОВИК С КАПЮШОНОМ,65990,-,No Discount,Zara,0
230,ПУХОВИК С КАПЮШОНОМ,65990,-,No Discount,Zara,0
231,ПУХОВИК С КАПЮШОНОМ,65990,-,No Discount,Zara,0
232,"СТЕГАНАЯ КУРТКА С КОНТРАСТНЫМИ
 ДЕТАЛЯМИ",50990,-,No Discount,Zara,0
233,"УТЕПЛЕННАЯ КУРТКА ИЗ
 ВЫСОКОТЕХНОЛОГИЧНОЙ ТКАНИ",42990,-,No Discount,Zara,0
234,"УТЕПЛЕННАЯ КУРТКА ИЗ
 ВЫСОКОТЕХНОЛОГИЧНОЙ ТКАНИ",42990,-,No Discount,Zara,0
235,"ПУХОВИК ИЗ НЕПРОМОКАЕМОЙ
 ТКАНИ",65990,-,No Discount,Zara,0
236,СТЕГАНАЯ КУРТКА,50990,-,No Discount,Zara,0
237,ЛЕГКАЯ СТЕГАНАЯ КУРТКА,24990,-,No Discount,Zara,0
238,ЛЕГКАЯ СТЕГАНАЯ КУРТКА,24990,-,No Discount,Zara,0
239,ЛЕГКАЯ СТЕГАНАЯ КУРТКА,24990,-,No Discount,Zara,0
240,ЛЕГКАЯ СТЕГАНАЯ КУРТКА,24990,-,No Discount,Zara,0
241,СТЕГАНАЯ КУРТКА,42990,-,No Discount,Zara,0
242,СТЕГАНАЯ КУРТКА,42990,-,No Discount,Zara,0
243,СТЕГАНАЯ КУРТКА,42990,-,No Discount,Zara,0
244,"ПУХОВИК ИЗ ИСКУССТВЕННОЙ
 КОЖИ",42990,-,No Discount,Zara,0
245,"ПУХОВИК ИЗ ИСКУССТВЕННОЙ
 КОЖИ",42990,-,No Discount,Zara,0
246,"НЕПРОМОКАЕМАЯ СТЕГАНАЯ
 КУРТКА",42990,-,No Discount,Zara,0
247,"НЕПРОМОКАЕМАЯ СТЕГАНАЯ
 КУРТКА",42990,-,No Discount,Zara,0
248,БЛЕСТЯЩИЙ ПУХОВИК,65990,-,No Discount,Zara,0
249,БЛЕСТЯЩИЙ ПУХОВИК,65990,-,No Discount,Zara,0
250,БЛЕСТЯЩИЙ ПУХОВИК,65990,-,No Discount,Zara,0
251,БЛЕСТЯЩИЙ ПУХОВИК,65990,-,No Discount,Zara,0
252,КУРТКА В БАЙКЕРСКОМ СТИЛЕ ИЗ ИСКУССТВЕННОЙ КОЖИ,39990,-,No Discount,Zara,0
253,КУРТКА В БАЙКЕРСКОМ СТИЛЕ ИЗ ИСКУССТВЕННОЙ КОЖИ,39990,-,No Discount,Zara,0
254,КУРТКА В БАЙКЕРСКОМ СТИЛЕ ИЗ ИСКУССТВЕННОЙ КОЖИ,39990,-,No Discount,Zara,0
255,КУРТКА В БАЙКЕРСКОМ СТИЛЕ ИЗ ИСКУССТВЕННОЙ КОЖИ,39990,-,No Discount,Zara,0
256,КУРТКА ИЗ ИСКУССТВЕННОЙ КОЖИ С НАШИВКАМИ,42990,-,No Discount,Zara,0
257,КУРТКА ИЗ ИСКУССТВЕННОЙ КОЖИ С НАШИВКАМИ,42990,-,No Discount,Zara,0
258,КУРТКА ИЗ ИСКУССТВЕННОЙ КОЖИ С БУКВАМИ,42990,-,No Discount,Zara,0
259,КУРТКА ИЗ ИСКУССТВЕННОЙ КОЖИ С БУКВАМИ,42990,-,No Discount,Zara,0
260,ВЕЛЬВЕТОВАЯ КУРТКА С ПОДКЛАДКОЙ ИЗ ИСКУССТВЕННОЙ ОВЧИНЫ,34990,-,No Discount,Zara,0
261,ДЖИНСОВАЯ КУРТКА С ПОДКЛАДКОЙ ИЗ ИСКУССТВЕННОЙ ОВЧИНЫ,39990,-,No Discount,Zara,0
262,ДЖИНСОВАЯ КУРТКА С ПОДКЛАДКОЙ ИЗ ИСКУССТВЕННОЙ ОВЧИНЫ,39990,-,No Discount,Zara,0
263,ДЖИНСОВАЯ КУРТКА С ПОДКЛАДКОЙ ИЗ ИСКУССТВЕННОЙ ОВЧИНЫ,39990,-,No Discount,Zara,0
264,ДЖИНСОВАЯ КУРТКА С ПОДКЛАДКОЙ ИЗ ИСКУССТВЕННОЙ ОВЧИНЫ,39990,-,No Discount,Zara,0
265,КУРТКА-РУБАШКА ИЗ ИСКУССТВЕННОЙ ОВЧИНЫ,27990,-,No Discount,Zara,0
266,КУРТКА-РУБАШКА ИЗ ИСКУССТВЕННОЙ ОВЧИНЫ,27990,-,No Discount,Zara,0
267,КУРТКА-РУБАШКА ИЗ ИСКУССТВЕННОЙ ОВЧИНЫ,27990,-,No Discount,Zara,0
268,КУРТКА-БОМБЕР ИЗ ИСКУССТВЕННОЙ КОЖИ,42990,-,No Discount,Zara,0
269,БОМБЕР ИЗ ИСКУССТВЕННОЙ КОЖИ,27990,-,No Discount,Zara,0
270,КУРТКА-БОМБЕР ИЗ ИСКУССТВЕННОЙ КОЖИ,34990,-,No Discount,Zara,0
271,КУРТКА-БОМБЕР ИЗ ИСКУССТВЕННОЙ КОЖИ,42990,-,No Discount,Zara,0
272,КУРТКА ИЗ ИСКУССТВЕННОЙ КОЖИ,27990,-,No Discount,Zara,0
273,КУРТКА ИЗ ИСКУССТВЕННОЙ КОЖИ,27990,-,No Discount,Zara,0
274,БОМБЕР ИЗ ИСКУССТВЕННОЙ КОЖИ,42990,-,No Discount,Zara,0
275,БОМБЕР ИЗ ИСКУССТВЕННОЙ КОЖИ,42990,-,No Discount,Zara,0
276,БОМБЕР С КОНТРАСТНЫМИ НАШИВКАМИ,34990,-,No Discount,Zara,0
277,БОМБЕР SNOOPY PEANUTS™ С НАШИВКАМИ,50990,-,No Discount,Zara,0
278,БОМБЕР SNOOPY PEANUTS™ С НАШИВКАМИ,50990,-,No Discount,Zara,0
279,БОМБЕР С КОНТРАСТНЫМИ НАШИВКАМИ,50990,-,No Discount,Zara,0
280,БОМБЕР С КОНТРАСТНЫМИ НАШИВКАМИ,50990,-,No Discount,Zara,0
281,БОМБЕР С НАШИВКАМИ,34990,-,No Discount,Zara,0
282,БОМБЕР С НАШИВКАМИ,34990,-,No Discount,Zara,0
283,КУРТКА-БОМБЕР С НАШИВКАМИ,34990,-,No Discount,Zara,0
284,КУРТКА-БОМБЕР С НАШИВКАМИ,34990,-,No Discount,Zara,0
285,УТЕПЛЕННАЯ КУРТКА ИЗ ВЫСОКОТЕХНОЛОГИЧНОЙ ТКАНИ,59990,-,No Discount,Zara,0
286,КУРТКА ИЗ РЕЛЬЕФНОЙ ТКАНИ В ЕЛОЧКУ,50990,-,No Discount,Zara,0
287,КУРТКА ИЗ ВЫСОКОТЕХНОЛОГИЧНОЙ ТКАНИ С КАРМАНАМИ,42990,-,No Discount,Zara,0
288,КУРТКА ИЗ ЖАТОЙ ТКАНИ,50990,-,No Discount,Zara,0
289,КУРТКА С КАРМАНАМИ,42990,-,No Discount,Zara,0
290,БАЗОВАЯ КУРТКА-БОМБЕР,20990,-,No Discount,Zara,0
291,БАЗОВАЯ КУРТКА-БОМБЕР,20990,-,No Discount,Zara,0
292,ЖАККАРДОВАЯ КУРТКА С ГЕОМЕТРИЧЕСКИМ УЗОРОМ,42990,-,No Discount,Zara,0
293,КУРТКА ИЗ РЕЛЬЕФНОЙ ТКАНИ С КАРМАНАМИ,42990,-,No Discount,Zara,0
294,КУРТКА ИЗ РЕЛЬЕФНОЙ ТКАНИ С КАРМАНАМИ В ТОН,42990,-,No Discount,Zara,0
295,КУРТКА ИЗ ЖАТОЙ ТКАНИ С КАРМАНАМИ,34990,-,No Discount,Zara,0
296,КУРТКА ИЗ ЖАТОЙ ТКАНИ С КАРМАНАМИ,34990,-,No Discount,Zara,0
297,КУРТКА В ПОЛОСКУ,42990,-,No Discount,Zara,0
298,КУРТКА В СТИЛЕ КОЛОР-БЛОК,24990,-,No Discount,Zara,0
299,КУРТКА В СТИЛЕ КОЛОР-БЛОК,42990,-,No Discount,Zara,0
300,ЖАККАРДОВАЯ КУРТКА В ПОЛОСКУ,42990,-,No Discount,Zara,0
301,ПАРКА С КОНТРАСТНЫМИ ДЕТАЛЯМИ ИЗ ИСКУССТВЕННОГО МЕХА,69990,-,No Discount,Zara,0
302,ПАЛЬТО ИЗ РЕЛЬЕФНОЙ ТКАНИ,89990,-,No Discount,Zara,0
303,ПАЛЬТО ИЗ СМЕСОВОЙ ШЕРСТИ — LIMITED EDITION,109990,-,No Discount,Zara,0
304,ШЕРСТЯНОЕ ПАЛЬТО,89990,-,No Discount,Zara,0
305,ШЕРСТЯНОЕ ПАЛЬТО,89990,-,No Discount,Zara,0
306,СТЕГАНЫЙ ТРЕНЧ ИЗ ПОПЛИНА,65990,-,No Discount,Zara,0
307,СТЕГАНЫЙ ТРЕНЧ ИЗ ПОПЛИНА,65990,-,No Discount,Zara,0
308,ДВУБОРТНОЕ ПОЛУПАЛЬТО ИЗ СМЕСОВОЙ ШЕРСТИ,119990,-,No Discount,Zara,0
309,ДВУБОРТНОЕ ПАЛЬТО ИЗ СМЕСОВОЙ ШЕРСТИ,119990,-,No Discount,Zara,0
310,ДВУБОРТНОЕ ПАЛЬТО ИЗ СМЕСОВОЙ ШЕРСТИ,119990,-,No Discount,Zara,0
311,ДВУБОРТНОЕ ПАЛЬТО ИЗ СМЕСОВОЙ ШЕРСТИ,119990,-,No Discount,Zara,0
312,ШЕРСТЯНОЕ ПАЛЬТО,119990,-,No Discount,Zara,0
313,ДВУБОРТНОЕ ПОЛУПАЛЬТО ИЗ СМЕСОВОЙ ШЕРСТИ,119990,-,No Discount,Zara,0
314,СТЕГАНЫЙ ТРЕНЧ ИЗ ПОПЛИНА,65990,-,No Discount,Zara,0
315,ПАРКА С КОНТРАСТНЫМИ ДЕТАЛЯМИ ИЗ ИСКУССТВЕННОГО МЕХА,65990,-,No Discount,Zara,0
316,ПАРКА ИЗ ХЛОПКА,59990,-,No Discount,Zara,0
317,ТРЕНЧ ИЗ ХЛОПКА,69990,-,No Discount,Zara,0
318,ПАРКА ИЗ ХЛОПКА,50990,-,No Discount,Zara,0
319,ПАРКА С КАРМАНАМИ,34990,-,No Discount,Zara,0
320,ПАРКА ОВЕРСАЙЗ «2 В 1»,59990,-,No Discount,Zara,0
321,ПАРКА ОВЕРСАЙЗ «2 В 1»,59990,-,No Discount,Zara,0
322,ПАРКА ОВЕРСАЙЗ «2 В 1»,59990,-,No Discount,Zara,0
323,ПАРКА ОВЕРСАЙЗ «2 В 1»,59990,-,No Discount,Zara,0
324,ПАЛЬТО С ПУХОВЫМ ЖИЛЕТОМ,89990,-,No Discount,Zara,0
325,ПАЛЬТО С ПУХОВЫМ ЖИЛЕТОМ,89990,-,No Discount,Zara,0
326,ПАЛЬТО С ПУХОВЫМ ЖИЛЕТОМ,89990,-,No Discount,Zara,0
327,ПАЛЬТО В КЛЕТКУ,85990,-,No Discount,Zara,0
328,ПАЛЬТО В КЛЕТКУ,85990,-,No Discount,Zara,0
329,ПАЛЬТО С ВОРОТНИКОМ,69990,-,No Discount,Zara,0
330,ПАЛЬТО С ВОРОТНИКОМ,69990,-,No Discount,Zara,0
331,ПАЛЬТО С ОТСТЕГИВАЮЩИМСЯ ВОРОТНИКОМ,69990,-,No Discount,Zara,0
332,ПАЛЬТО С ОТСТЕГИВАЮЩИМСЯ ВОРОТНИКОМ,69990,-,No Discount,Zara,0
333,ПАЛЬТО С ОТСТЕГИВАЮЩИМСЯ ВОРОТНИКОМ,85990,-,No Discount,Zara,0
334,ПАЛЬТО КОМФОРТНОЙ ПОСАДКИ,59990,-,No Discount,Zara,0
335,ПАЛЬТО С ВОРОТНИКОМ,69990,-,No Discount,Zara,0
336,ПАЛЬТО С ОТСТЕГИВАЮЩИМСЯ ВОРОТНИКОМ,85990,-,No Discount,Zara,0
337,ПАЛЬТО С ОТСТЕГИВАЮЩИМСЯ ВОРОТНИКОМ,85990,-,No Discount,Zara,0
338,ПАЛЬТО С ПУХОВЫМ ЖИЛЕТОМ,89990,-,No Discount,Zara,0
339,ПАЛЬТО С ПУХОВЫМ ЖИЛЕТОМ,89990,-,No Discount,Zara,0
340,ПАЛЬТО С ПУХОВЫМ ЖИЛЕТОМ,89990,-,No Discount,Zara,0
341,ТРЕНЧ RELAXED FIT,59990,-,No Discount,Zara,0
342,ТРЕНЧ RELAXED FIT,59990,-,No Discount,Zara,0
343,ТРЕНЧ RELAXED FIT,59990,-,No Discount,Zara,0
344,ДВУБОРТНОЕ ПАЛЬТО В КЛЕТКУ,89990,-,No Discount,Zara,0
345,Куртка стандартного кроя Синтетическое Мужчины,24990,-,No Discount,DeFacto,0
346,Куртка стандартного кроя Синтетическое Мужчины,14990,19990,With Discount,DeFacto,25
347,Куртка Приталенного кроя Синтетическое Переработанный наполнитель Мужчины,14990,19990,With Discount,DeFacto,25
348,Куртка стандартного кроя Синтетическое Мужчины,24990,29990,With Discount,DeFacto,16
349,Куртка Приталенного кроя Синтетическое Переработанный наполнитель Мужчины,19990,-,No Discount,DeFacto,0
350,Куртка Оверсайз Синтетическое Мужчины,14990,19990,With Discount,DeFacto,25
351,Куртка стандартного кроя Синтетическое Переработанный наполнитель Мужчины,44990,-,No Discount,DeFacto,0
352,Куртка Приталенного кроя Синтетическое Переработанный наполнитель Мужчины,19990,-,No Discount,DeFacto,0
353,Куртка свободного кроя с лицензией Discovery,44990,-,No Discount,DeFacto,0
354,Дутая куртка стандартного кроя с капюшоном водоотталкивающая,29990,-,No Discount,DeFacto,0
355,Куртка приталенного кроя с капюшоном из искусственного меха,24990,-,No Discount,DeFacto,0
356,Дутая куртка стандартного кроя водоотталкивающая утепленная,24990,-,No Discount,DeFacto,0
357,Куртка Оверсайз Синтетическое Мужчины,24990,-,No Discount,DeFacto,0
358,Куртка стандартного кроя Синтетическое Переработанный наполнитель Мужчины,19990,-,No Discount,DeFacto,0
359,Куртка Приталенного кроя С мехом Синтетическое Мужчины,24990,-,No Discount,DeFacto,0
360,Куртка стандартного кроя Синтетическое Переработанный наполнитель Мужчины,42990,-,No Discount,DeFacto,0
361,Куртка стандартного кроя Синтетическое Мужчины,19990,-,No Discount,DeFacto,0
362,Куртка стандартного кроя Синтетическое Переработанный наполнитель Мужчины,42990,-,No Discount,DeFacto,0
363,Куртка Приталенного кроя Замша Мужчины,29990,-,No Discount,DeFacto,0
364,Куртка Приталенного кроя Синтетическое Мужчины,24990,-,No Discount,DeFacto,0
365,Куртка стандартного кроя с капюшоном из экоматериала,19990,-,No Discount,DeFacto,0
366,Куртка Приталенного кроя Синтетическое Мужчины,24990,-,No Discount,DeFacto,0
367,Дутая куртка стандартного кроя водоотталкивающая утепленная,24990,-,No Discount,DeFacto,0
368,Парка Оверсайз Синтетическое Мужчины,34990,-,No Discount,DeFacto,0
369,Куртка Оверсайз Синтетическое Мужчины,14990,19990,With Discount,DeFacto,25
370,Куртка стандартного кроя Синтетическое Переработанный наполнитель Мужчины,44990,-,No Discount,DeFacto,0
371,Куртка Синтетическое Мужчины,19990,-,No Discount,DeFacto,0
372,Куртка Приталенного кроя Синтетическое Мужчины,19990,-,No Discount,DeFacto,0
373,Куртка Приталенного кроя Мужчины,19990,24990,With Discount,DeFacto,20
374,Куртка свободного кроя Discovery Мужчины,24990,-,No Discount,DeFacto,0
375,Куртка приталенного кроя с капюшоном из искусственного меха,24990,29990,With Discount,DeFacto,16
376,Куртка стандартного кроя Синтетическое Переработанный наполнитель Мужчины,19990,-,No Discount,DeFacto,0
377,Куртка стандартного кроя Синтетическое Переработанный наполнитель Мужчины,19990,-,No Discount,DeFacto,0
378,Парка Оверсайз Синтетическое Мужчины,34990,-,No Discount,DeFacto,0
379,Куртка стандартного кроя Синтетическое Переработанный наполнитель Мужчины,42990,-,No Discount,DeFacto,0
380,Куртка Приталенного кроя Синтетическое Переработанный наполнитель Мужчины,19990,-,No Discount,DeFacto,0
381,Куртка стандартного кроя Синтетическое Переработанный наполнитель Мужчины,19990,-,No Discount,DeFacto,0
382,Куртка Приталенного кроя Синтетическое Переработанный наполнитель Мужчины,19990,-,No Discount,DeFacto,0
383,Куртка стандартного кроя Синтетическое Переработанный наполнитель Мужчины,19990,-,No Discount,DeFacto,0
384,Куртка Приталенного кроя С мехом Синтетическое Мужчины,24990,-,No Discount,DeFacto,0
385,Куртка приталенного кроя с капюшоном,24990,-,No Discount,DeFacto,0
386,Парка с капюшоном приталенного кроя из плотной ткани,34990,-,No Discount,DeFacto,0
387,Куртка стандартного кроя Синтетическое Переработанный наполнитель Мужчины,19990,-,No Discount,DeFacto,0
388,Парка Приталенного кроя Смесовая шерстяная Мужчины,24990,-,No Discount,DeFacto,0
389,Парка Приталенного кроя Смесовая шерстяная Мужчины,24990,-,No Discount,DeFacto,0
390,Парка Приталенного кроя Смесовая шерстяная Мужчины,24990,-,No Discount,DeFacto,0
391,Куртка Приталенного кроя Синтетическое Переработанный наполнитель Мужчины,19990,-,No Discount,DeFacto,0
392,Дутая куртка стандартного кроя с капюшоном водоотталкивающая,29990,-,No Discount,DeFacto,0
393,Куртка стандартного кроя Синтетическое Мужчины,24990,-,No Discount,DeFacto,0
394,Куртка замшевая стандартного кроя,24990,29990,With Discount,DeFacto,16
395,Куртка стандартного кроя Синтетическое Переработанный наполнитель Мужчины,19990,-,No Discount,DeFacto,0
396,Куртка Приталенного кроя Синтетическое Переработанный наполнитель Мужчины,19990,-,No Discount,DeFacto,0
397,Куртка Приталенного кроя Синтетическое Мужчины,24990,-,No Discount,DeFacto,0
398,Куртка стандартного кроя Синтетическое Переработанный наполнитель Мужчины,19990,-,No Discount,DeFacto,0
399,Парка стандартного кроя Синтетическое Мужчины,29990,-,No Discount,DeFacto,0
400,Куртка Приталенного кроя Синтетическое Мужчины,24990,-,No Discount,DeFacto,0
401,Куртка Приталенного кроя Синтетическое Мужчины,14990,19990,With Discount,DeFacto,25
402,Куртка Приталенного кроя Мужчины,19990,24990,With Discount,DeFacto,20
403,Куртка Приталенного кроя Синтетическое Переработанный наполнитель Мужчины,19990,-,No Discount,DeFacto,0
404,Куртка Приталенного кроя Синтетическое Переработанный наполнитель Мужчины,14990,19990,With Discount,DeFacto,25
405,Парка с капюшоном приталенного кроя из плотной ткани,34990,-,No Discount,DeFacto,0
406,Куртка Приталенного кроя Синтетическое Мужчины,24990,-,No Discount,DeFacto,0
407,Куртка приталенного кроя с капюшоном,24990,-,No Discount,DeFacto,0
408,Куртка Приталенного кроя Синтетическое Мужчины,24990,-,No Discount,DeFacto,0
409,Парка Приталенного кроя Искусственная кожа Мужчины,24990,-,No Discount,DeFacto,0
410,Парка стандартного кроя Синтетическое Мужчины,29990,-,No Discount,DeFacto,0
411,Куртка Приталенного кроя Синтетическое Переработанный наполнитель Мужчины,14990,19990,With Discount,DeFacto,25
412,Куртка Приталенного кроя Синтетическое Мужчины,19990,-,No Discount,DeFacto,0
413,Куртка Приталенного кроя Синтетическое Мужчины,19990,-,No Discount,DeFacto,0
414,Парка свободного кроя Смесовая шерстяная Мужчины,24990,-,No Discount,DeFacto,0
415,Куртка Приталенного кроя Синтетическое Мужчины,19990,-,No Discount,DeFacto,0
416,Парка свободного кроя Смесовая шерстяная Мужчины,24990,-,No Discount,DeFacto,0
417,Парка свободного кроя Смесовая шерстяная Мужчины,24990,-,No Discount,DeFacto,0
418,Куртка стандартного кроя Синтетическое Переработанный наполнитель Мужчины,44990,-,No Discount,DeFacto,0
419,Куртка стандартного кроя Синтетическое Переработанный наполнитель Мужчины,19990,-,No Discount,DeFacto,0
420,Куртка Приталенного кроя Хлопок Мужчины,19990,-,No Discount,DeFacto,0
421,Куртка стандартного кроя Синтетическое Мужчины,19990,-,No Discount,DeFacto,0
422,Куртка Приталенного кроя Замша Мужчины,19990,-,No Discount,DeFacto,0
423,Стеганый бомбер,16990,-,No Discount,DeFacto,0
424,Бомбер приталенного кроя из искусственной замши,19990,-,No Discount,DeFacto,0
425,Куртка Приталенного кроя Хлопок Мужчины,19990,-,No Discount,DeFacto,0
426,Куртка-рубашка приталенного кроя из замши,24990,-,No Discount,DeFacto,0
427,Куртка Приталенного кроя Замша Мужчины,19990,-,No Discount,DeFacto,0
428,Куртка,24990,-,No Discount,DeFacto,0
429,Куртка,19990,-,No Discount,DeFacto,0
430,Куртка Приталенного кроя Синтетическое Мужчины,19990,-,No Discount,DeFacto,0
431,Куртка стандартного кроя Синтетическое Мужчины,19990,-,No Discount,DeFacto,0
432,Дождевик приталенного кроя с капюшоном,19990,-,No Discount,DeFacto,0
433,Куртка стандартного кроя Синтетическое Мужчины,16990,-,No Discount,DeFacto,0
434,Куртка Приталенного кроя Из тонкого футера Мужчины,19990,-,No Discount,DeFacto,0
435,Куртка прителенного кроя с воротником-стойкой,16990,-,No Discount,DeFacto,0
436,Куртка Приталенного кроя Мужчины,24990,-,No Discount,DeFacto,0
437,Куртка стандартного кроя Синтетическое Мужчины,19990,-,No Discount,DeFacto,0
438,Куртка,19990,-,No Discount,DeFacto,0
439,Рубашка-куртка приталенного кроя с воротником поло,24990,-,No Discount,DeFacto,0
440,Пуховик утепленный Warmtech стандартного кроя с флисовой изнанкой,19990,-,No Discount,DeFacto,0
441,Пуховик приталенного кроя с капюшоном,10990,12990,With Discount,DeFacto,15
442,Куртка Приталенного кроя Синтетическое Мужчины,24990,-,No Discount,DeFacto,0
443,Пуховик приталенного кроя на молнии с капюшоном,19990,-,No Discount,DeFacto,0
444,Куртка Приталенного кроя Мужчины,19990,-,No Discount,DeFacto,0
445,Куртка приталенного кроя,24990,-,No Discount,DeFacto,0
446,Slim Fit Mont,19990,-,No Discount,DeFacto,0
447,Куртка,29990,-,No Discount,DeFacto,0
448,Куртка приталенного кроя с воротником стойкой,29990,-,No Discount,DeFacto,0
449,Куртка Приталенного кроя Синтетическое Мужчины,24990,-,No Discount,DeFacto,0
450,Куртка Приталенного кроя Мужчины,24990,-,No Discount,DeFacto,0
451,Куртка стандартного кроя Синтетическое Переработанный наполнитель Мужчины,42990,-,No Discount,DeFacto,0
452,Куртка стандартного кроя Синтетическое Мужчины,16990,-,No Discount,DeFacto,0
453,Slim Fit Mont,16990,-,No Discount,DeFacto,0
454,Куртка Приталенного кроя Синтетическое Мужчины,19990,-,No Discount,DeFacto,0
455,Пальто,19990,-,No Discount,DeFacto,0
456,Куртка стандартного кроя с капюшоном,34990,-,No Discount,DeFacto,0
457,Пуховик Приталенного Кроя С Капюшоном,19990,-,No Discount,DeFacto,0
458,Пальто,19990,-,No Discount,DeFacto,0
459,Куртка Приталенного кроя Синтетическое Мужчины,14990,-,No Discount,DeFacto,0
460,Замшевое Пальто,19990,-,No Discount,DeFacto,0
461,Куртка Приталенного кроя Мужчины,16990,-,No Discount,DeFacto,0
462,Куртка Оверсайз Синтетическое Мужчины,19990,-,No Discount,DeFacto,0
463,Куртка приталенного кроя с капюшоном,34990,-,No Discount,DeFacto,0
464,Куртка Приталенного кроя Замша Мужчины,29990,-,No Discount,DeFacto,0
465,Куртка Приталенного кроя Мужчины,24990,-,No Discount,DeFacto,0
466,Куртка Приталенного кроя Синтетическое Мужчины,19990,-,No Discount,DeFacto,0
467,Ветровка Slim Fit с капюшоном,19990,-,No Discount,DeFacto,0
468,Куртка стандартного кроя Синтетическое Мужчины,29990,-,No Discount,DeFacto,0
469,Slim Fit Mont,16990,-,No Discount,DeFacto,0
470,Дутая куртка стандартного кроя водоотталкивающая утепленная,24990,-,No Discount,DeFacto,0
471,Дутая куртка стандартного кроя водоотталкивающая,34990,-,No Discount,DeFacto,0
472,Куртка Приталенного кроя Мужчины,16990,-,No Discount,DeFacto,0
473,Куртка стандартного кроя Синтетическое Мужчины,34990,-,No Discount,DeFacto,0
474,Дутая куртка стандартного кроя с капюшоном водоотталкивающая,29990,-,No Discount,DeFacto,0
475,Блейзер,19990,-,No Discount,DeFacto,0
476,Водоотталкивающая парка приталенного кроя с капюшоном,24990,-,No Discount,DeFacto,0
477,Куртка приталенного кроя со стоячим воротником,19990,-,No Discount,DeFacto,0
478,Куртка Приталенного кроя Мужчины,16990,-,No Discount,DeFacto,0
479,Дутая куртка стандартного кроя с капюшоном водоотталкивающая,29990,-,No Discount,DeFacto,0
480,Ветровка приталенного кроя с капюшоном и принтом,16990,-,No Discount,DeFacto,0
481,Куртка Приталенного кроя Синтетическое Мужчины,19990,-,No Discount,DeFacto,0
482,Куртка/Парка,29990,-,No Discount,DeFacto,0
483,Куртка Приталенного кроя Смесовая шерстяная Мужчины,24990,-,No Discount,DeFacto,0
484,Slim Fit Mont,19990,-,No Discount,DeFacto,0
485,Парка свободного кроя Смесовая шерстяная Мужчины,24990,-,No Discount,DeFacto,0
486,Парка свободного кроя Смесовая шерстяная Мужчины,24990,-,No Discount,DeFacto,0
487,Куртка Приталенного кроя Мужчины,24990,-,No Discount,DeFacto,0
488,Парка Приталенного кроя Мужчины,19990,24990,With Discount,DeFacto,20
489,Куртка Оверсайз Синтетическое Мужчины,24990,-,No Discount,DeFacto,0
490,Куртка Приталенного кроя Смесовая шерстяная Мужчины,24990,-,No Discount,DeFacto,0
491,Куртка Приталенного кроя С мехом Синтетическое Мужчины,24990,-,No Discount,DeFacto,0
492,Куртка Приталенного кроя Замша Мужчины,19990,-,No Discount,DeFacto,0
493,Куртка Приталенного кроя С мехом Синтетическое Мужчины,14990,-,No Discount,DeFacto,0
494,Парка Приталенного кроя Искусственная кожа Мужчины,24990,-,No Discount,DeFacto,0
495,Куртка Приталенного кроя Замша Мужчины,29990,-,No Discount,DeFacto,0
496,Slim Fit College Collar Bomber Jacket,19990,-,No Discount,DeFacto,0
497,Пуховик приталенного кроя с капюшоном,19990,-,No Discount,DeFacto,0
498,Куртка Приталенного кроя Синтетическое Мужчины,24990,-,No Discount,DeFacto,0
499,Куртка Оверсайз Синтетическое Мужчины,19990,-,No Discount,DeFacto,0
500,Slim Fit Down Jacket,24990,-,No Discount,DeFacto,0
501,Куртка Приталенного кроя Синтетическое Мужчины,19990,-,No Discount,DeFacto,0
502,"Утеплённая
 куртка с накладными карманами",39990,-,No Discount,O'Stin,0
503,"Стёганая куртка
 из искусственной кожи",39990,-,No Discount,O'Stin,0
504,"Длинная стёганая
 куртка с капюшоном",39990,-,No Discount,O'Stin,0
505,"Длинная
 утеплённая куртка",44990,-,No Discount,O'Stin,0
506,"Куртка с
 карманами",29900,-,No Discount,O'Stin,0
507,"Бомбер с меховым
 воротником",25990,31900,With Discount,O'Stin,18
508,"Бомбер с меховым
 воротником",31900,-,No Discount,O'Stin,0
509,"Удлинённая
 куртка с капюшоном",39990,44990,With Discount,O'Stin,11
510,"Утеплённая
 куртка с двойной отстрочкой",29990,-,No Discount,O'Stin,0
511,"Бомбер из
 искусственной кожи",34990,-,No Discount,O'Stin,0
512,"Базовая лёгкая
 куртка с капюшоном",31990,-,No Discount,O'Stin,0
513,"Стёганая куртка
 с воротником-стойкой",19990,27990,With Discount,O'Stin,28
514,"Базовая лёгкая
 куртка",17990,23990,With Discount,O'Stin,25
515,"Жилет с
 воротником-гольф",19990,-,No Discount,O'Stin,0
516,"Базовая лёгкая
 куртка",25990,-,No Discount,O'Stin,0
517,"Базовая лёгкая
 куртка",25990,-,No Discount,O'Stin,0
518,"Стёганая
 куртка-бомбер с трикотажным капюшоном",27990,-,No Discount,O'Stin,0
519,"Куртка из
 искусственной кожи",23990,34990,With Discount,O'Stin,31
520,"Бомбер с
 воротником-гольф",17990,25990,With Discount,O'Stin,30
521,"Бомбер с
 контрастными манжетами",19990,27990,With Discount,O'Stin,28
522,"Бомбер на
 молнии",29900,-,No Discount,O'Stin,0
523,"Куртка-бомбер с
 воротником-гольф",25990,34990,With Discount,O'Stin,25
524,"Куртка с
 капюшоном",17990,27990,With Discount,O'Stin,35
525,"Объёмная
 куртка-бомбер",29990,-,No Discount,O'Stin,0
526,"Стёганая куртка
 с воротником-гольф",19990,25990,With Discount,O'Stin,23
527,"Утеплённая
 куртка с капюшоном",23990,31990,With Discount,O'Stin,25
528,"Куртка с
 капюшоном",34990,-,No Discount,O'Stin,0
529,"Куртка с
 карманами",19990,39990,With Discount,O'Stin,50
530,"Стёганая
 куртка-бомбер с воротником-гольф",23990,-,No Discount,O'Stin,0
531,"Стёганый бомбер
 с капюшоном",29990,-,No Discount,O'Stin,0
532,"Утеплённая
 куртка с капюшоном",19990,29990,With Discount,O'Stin,33
533,"Утеплённая
 куртка с воротником и капюшоном",29990,-,No Discount,O'Stin,0
534,"Утеплённая
 куртка с капюшоном",23990,-,No Discount,O'Stin,0
535,"Куртка-бомбер с
 воротником-гольф",15990,24990,With Discount,O'Stin,36
536,"Куртка с
 контрастными принтами и шевроном",15990,24990,With Discount,O'Stin,36
537,"Куртка из хлопка
 в стиле сафари",17990,24990,With Discount,O'Stin,28
538,"Куртка-бомбер с
 накладными карманами",15990,24990,With Discount,O'Stin,36
539,"Куртка с
 накладными карманами",15990,24990,With Discount,O'Stin,36
540,"Утеплённая
 куртка с капюшоном",15990,24990,With Discount,O'Stin,36
541,"Куртка с
 капюшоном и контрастными деталями",24990,-,No Discount,O'Stin,0
542,"Куртка с
 капюшоном и контрастными деталями",17990,24990,With Discount,O'Stin,28
543,"Стёганая куртка
 с отложным воротником из вельвета",25990,-,No Discount,O'Stin,0
544,"Куртка с
 цветовыми блоками и капюшоном",19990,-,No Discount,O'Stin,0
545,Удлинённая куртка с принтом,59990,-,No Discount,O'Stin,0
546,Куртка с бесшовной стёжкой,49900,-,No Discount,O'Stin,0
547,Куртка с бесшовной стёжкой,49900,-,No Discount,O'Stin,0
548,Утеплённая куртка из вельвета,44990,-,No Discount,O'Stin,0
549,Утеплённая куртка из глянцевой ткани,44900,-,No Discount,O'Stin,0
550,Длинная стёганая куртка,44900,-,No Discount,O'Stin,0
551,Утеплённая куртка с двойной строчкой,44900,-,No Discount,O'Stin,0
552,Утеплённая куртка с двойной строчкой,44900,-,No Discount,O'Stin,0
553,Укороченная куртка с воротником-стойкой,39900,-,No Discount,O'Stin,0
554,Утеплённая куртка с накладными карманами,39900,-,No Discount,O'Stin,0
555,Куртка с капюшоном,39900,-,No Discount,O'Stin,0
556,Укороченная куртка с воротником-стойкой,39900,-,No Discount,O'Stin,0
557,Куртка с колорблоком,39900,-,No Discount,O'Stin,0
558,Утеплённая куртка с воротником-стойкой,29900,-,No Discount,O'Stin,0
559,Утеплённая куртка с воротником-стойкой,29900,-,No Discount,O'Stin,0
560,Утеплённая куртка с воротником-стойкой,29900,-,No Discount,O'Stin,0
561,Куртка с капюшоном,39900,-,No Discount,O'Stin,0
562,Утеплённая короткая куртка,49900,-,No Discount,O'Stin,0
563,Утеплённая куртка с бесшовной стёжкой и капюшоном,49990,-,No Discount,O'Stin,0
564,Утеплённая куртка с бесшовной стёжкой и капюшоном,49990,-,No Discount,O'Stin,0
565,Стёганая куртка с капюшоном и искусственным мехом,49990,-,No Discount,O'Stin,0
566,Удлинённая куртка с металлическими молниями,49990,-,No Discount,O'Stin,0
567,Удлинённая объёмная куртка с капюшоном,59990,-,No Discount,O'Stin,0
568,Длинная объёмная куртка c шевронной стёжкой,49990,-,No Discount,O'Stin,0
569,Утеплённая куртка с карманами,49900,-,No Discount,O'Stin,0
570,Удлинённая свободная куртка с принтом,59990,-,No Discount,O'Stin,0
571,Утеплённая базовая куртка с капюшоном,39900,-,No Discount,O'Stin,0
572,Утеплённая базовая куртка с капюшоном,39900,-,No Discount,O'Stin,0
573,Утеплённая куртка из глянцевой ткани,44900,-,No Discount,O'Stin,0
574,Утеплённая куртка с воротником и капюшоном,29990,-,No Discount,O'Stin,0
575,Удлинённая утеплённая куртка,49990,-,No Discount,O'Stin,0
576,Удлинённая утеплённая куртка,49990,-,No Discount,O'Stin,0
577,Пуховик с капюшоном и бесшовной стёжкой,59990,-,No Discount,O'Stin,0
578,Объёмная куртка с капюшоном,49990,-,No Discount,O'Stin,0
579,Длинная утеплённая куртка,49990,-,No Discount,O'Stin,0
580,Утеплённая парка c принтом на спине,49990,-,No Discount,O'Stin,0
581,Куртка c контрастными деталями,49990,-,No Discount,O'Stin,0
582,Утеплённая куртка с контрастными деталями,49990,-,No Discount,O'Stin,0
583,Объёмная стёганая куртка,44990,-,No Discount,O'Stin,0
584,Длинная утеплённая куртка с принтами,49990,-,No Discount,O'Stin,0
585,Стёганая куртка с капюшоном и с мехом,34990,-,No Discount,O'Stin,0
586,Утеплённая парка,44990,-,No Discount,O'Stin,0
587,Утеплённая куртка с воротником-стойкой,24990,-,No Discount,O'Stin,0
588,Утеплённая куртка с воротником-стойкой,29990,-,No Discount,O'Stin,0
589,Утеплённая куртка с воротником-стойкой,24990,-,No Discount,O'Stin,0
590,Куртка свободного силуэта,34990,-,No Discount,O'Stin,0
591,Утеплённый жилет с капюшоном,15990,19990,With Discount,O'Stin,20
592,Утеплённый жилет с капюшоном,19990,23990,With Discount,O'Stin,16
593,Жилет стёганый,13990,17990,With Discount,O'Stin,22
594,Стёганый жилет с воротником-гольф,11990,17990,With Discount,O'Stin,33
595,Jacket with hood,32990,-,No Discount,New Yorker,0
596,Jacket with hood,32990,-,No Discount,New Yorker,0
597,Jacket with print,31990,-,No Discount,New Yorker,0
598,Jacket with material mix,31990,-,No Discount,New Yorker,0
599,Jacket with stand-up collar,31990,-,No Discount,New Yorker,0
600,Quilted jacket,27990,-,No Discount,New Yorker,0
601,Jacket with contrast insert,31990,-,No Discount,New Yorker,0
602,Jacket with hood,32990,-,No Discount,New Yorker,0
603,Jacket with stand-up collar,31990,-,No Discount,New Yorker,0
604,Jacket with material mix,32990,-,No Discount,New Yorker,0
605,Jacket with zippers,31990,-,No Discount,New Yorker,0
606,Coat,37990,-,No Discount,New Yorker,0
607,Jacket with hood,19990,-,No Discount,New Yorker,0
608,Jacket with hood,31990,-,No Discount,New Yorker,0
609,Jacket with applications,32990,-,No Discount,New Yorker,0
610,Jacket with applications,27990,-,No Discount,New Yorker,0
611,Denim jacket,31990,-,No Discount,New Yorker,0
612,Coat,32990,-,No Discount,New Yorker,0
613,Parka,37990,-,No Discount,New Yorker,0
614,Jacket with applications,32990,-,No Discount,New Yorker,0
615,Jacket with stand-up collar,31990,-,No Discount,New Yorker,0
616,Bomber jacket,31990,-,No Discount,New Yorker,0
617,Jacket with hood,27990,-,No Discount,New Yorker,0
618,Jacket with applications,32990,-,No Discount,New Yorker,0
619,Jacket with stand-up collar,15990,-,No Discount,New Yorker,0
620,Jacket with hood,27990,-,No Discount,New Yorker,0
621,Jacket with hood,16990,-,No Discount,New Yorker,0
622,Vest with print,27990,-,No Discount,New Yorker,0
623,Jacket with print,31990,-,No Discount,New Yorker,0
624,Jacket with stand-up collar,31990,-,No Discount,New Yorker,0
625,Jacket with fake fur collar,31990,-,No Discount,New Yorker,0
626,Jacket with stand-up collar,31990,-,No Discount,New Yorker,0
627,Bomber jacket,31990,-,No Discount,New Yorker,0
628,Bomber jacket,31990,-,No Discount,New Yorker,0
629,Blouson,31990,-,No Discount,New Yorker,0
630,Jacket with hood,6990,16990,With Discount,New Yorker,58
631,Denim jacket,6990,19990,With Discount,New Yorker,65
632,PU jacket,3590,31990,With Discount,New Yorker,88
633,Jacket with hood,27990,-,No Discount,New Yorker,0
634,Jacket with hood,6990,21990,With Discount,New Yorker,68
635,Jacket with hood,6990,19990,With Discount,New Yorker,65
636,2-Button blazer,27990,-,No Discount,New Yorker,0
637,Jacket with hood,27990,-,No Discount,New Yorker,0
638,Vest with hood,19990,-,No Discount,New Yorker,0
639,Jacket with hood,15990,-,No Discount,New Yorker,0
640,Куртка GLS3001 NAVY,89990,-,No Discount,Glasman,0
641,Куртка GLS7045 Navy,89990,-,No Discount,Glasman,0
642,Куртка GLS7045 Black,89990,-,No Discount,Glasman,0
643,Куртка 22207004 Navy,89990,-,No Discount,Glasman,0
644,Куртка 22207004 Black,89990,-,No Discount,Glasman,0
645,Куртка 22207003 navi,79990,-,No Discount,Glasman,0
646,Куртка 22207003 black,79990,-,No Discount,Glasman,0
647,Куртка 22207002 Navy,119900,-,No Discount,Glasman,0
648,Куртка 22207002 Black,119900,-,No Discount,Glasman,0
649,Куртка 20AW875M HAKI-84 ,49990,-,No Discount,Glasman,0
650,Куртка 20aw-875/navy,49990,-,No Discount,Glasman,0
651,Парка 20AW898M_KHAKI,89990,-,No Discount,Glasman,0
652,Парка 20AW898M_GREY,89990,-,No Discount,Glasman,0
653,Куртка 20AW510M-DKNAVY,59990,-,No Discount,Glasman,0
654,Куртка 20AW510M-BLACK,59990,-,No Discount,Glasman,0
655,Куртка Gls2039/navy,74990,-,No Discount,Glasman,0
656,Куртка Gls2039/black,74990,-,No Discount,Glasman,0
657,Куртка Gls1501/black,74990,-,No Discount,Glasman,0
658,Куртка 20207003/navy,89990,-,No Discount,Glasman,0
659,Куртка 20207003/black,89990,-,No Discount,Glasman,0
660,Куртка 20207002/black,59990,-,No Discount,Glasman,0
661,Куртка Henro 4793-bordo,79990,-,No Discount,Glasman,0
662,Куртка Herno 4793-green,79990,-,No Discount,Glasman,0
663,Куртка  Herno 4793 dark blue,79990,-,No Discount,Glasman,0
664,Куртка Herno 4793-beige,79990,-,No Discount,Glasman,0
665,Куртка GLS5001 NAVY,79990,-,No Discount,Glasman,0
666,Пальто ART 22207070 color 1,59990,-,No Discount,Glasman,0
667,Пальто ART 22207070 color 50,59990,-,No Discount,Glasman,0
668,Пальто ART 22207070 color 37,59990,-,No Discount,Glasman,0
669,Пальто ART 22207070 color 40,59990,-,No Discount,Glasman,0
670,Пальто,59990,-,No Discount,Glasman,0
671,Пальто ly-w700400 color 4 dg,59990,-,No Discount,Glasman,0
672,Пальто ly-w700311 color 2 ,59990,-,No Discount,Glasman,0
673,Пальто ly-w700311 color 1,59990,-,No Discount,Glasman,0
674,Пальто ly-w700311 color 3,59990,-,No Discount,Glasman,0
675,Пальто ly-w700400/9 lg,59990,-,No Discount,Glasman,0
676,Куртка GLS5001 NAVY,79990,-,No Discount,Glasman,0
677,Куртка GLS3002 Maroon 014,29990,-,No Discount,Glasman,0
678,Куртка GLS2880 red 015,29990,-,No Discount,Glasman,0
679,Куртка Glasman GL-72 black,29990,-,No Discount,Glasman,0
680,Куртка Glasman GL-72 blue,29990,-,No Discount,Glasman,0
681,Куртка GLS51113 Black,34990,-,No Discount,Glasman,0
682,Куртка GLS7002 Brown,29990,-,No Discount,Glasman,0
683,Куртка GLS2348 Brown,34990,-,No Discount,Glasman,0
684,Куртка GLS2037 Navy,54990,-,No Discount,Glasman,0
685,Куртка 12151 Black,34990,-,No Discount,Glasman,0
686,Куртка 5308 LACI,34990,-,No Discount,Glasman,0
687,Куртка Gls2348/navy,34990,-,No Discount,Glasman,0
688,Куртка Gls2348/green,34990,-,No Discount,Glasman,0
689,Куртка Gls2348/black,34990,-,No Discount,Glasman,0
690,Куртка YY15290-BLACK,29990,-,No Discount,Glasman,0
691,КУРТКА GLASMAN GL-23 BEIGE,26990,-,No Discount,Glasman,0
692,ВЕТРОВКА GL-22 BURGUNDY,29990,-,No Discount,Glasman,0
693,ВЕТРОВКА GL-22 SMOKED,29990,-,No Discount,Glasman,0
694,ВЕТРОВКА GL-22 NAVY BLUE,29990,-,No Discount,Glasman,0
695,Ветровка GL-22 GREEN,29990,-,No Discount,Glasman,0
696,Ветровка GL-21 BLACK-HAKI,29990,-,No Discount,Glasman,0
697,ВЕТРОВКА GM2022-1 KIRMIZI,24990,-,No Discount,Glasman,0
698,Ветровка GM2022-1 HAKI,24990,-,No Discount,Glasman,0
699,Ветровка GL-21 NAVY BLUE-BEIGE,29990,-,No Discount,Glasman,0
700,Ветровка GL-21  NAVY BLUE-BORDO,29990,-,No Discount,Glasman,0
701,Куртка Glasman GL-20 NAVY BLUE,29990,-,No Discount,Glasman,0
702,Куртка Glasman GL-20 BLACK,29990,-,No Discount,Glasman,0
703,Куртка Glasman GL-20-D.NAVY,29990,-,No Discount,Glasman,0
704,Куртка Glasman GL-23 BURUNDY,26990,-,No Discount,Glasman,0
705,Куртка Glasman GL-23 SMOKED,26990,-,No Discount,Glasman,0
706,Куртка Glasman GL-23 HAKI,26990,-,No Discount,Glasman,0
707,Куртка Glasman GL-16 ORANGE,26990,-,No Discount,Glasman,0
708,Куртка HM-213 DP.NAVY,24990,-,No Discount,Glasman,0
709,Ветровка EVV20007 GRI-09 02OO,24990,-,No Discount,Glasman,0
710,Куртка sm2001-black,19990,-,No Discount,Glasman,0
711,Куртка hm3-211-red,24990,-,No Discount,Glasman,0
712,Куртка hm3-211-cream,24990,-,No Discount,Glasman,0
713,Куртка hm3-211-navy,24990,-,No Discount,Glasman,0
714,Пуховик мужской Outventure,60990,-,No Discount,Спортмастер,0
715,Пуховик мужской Northland,72490,-,No Discount,Спортмастер,0
716,Пуховик мужской Outventure,60990,-,No Discount,Спортмастер,0
717,Куртка утепленная мужская Glissade,78490,-,No Discount,Спортмастер,0
718,Пуховик мужской Northland,72490,-,No Discount,Спортмастер,0
719,Куртка утепленная мужская Northland,60990,78490,With Discount,Спортмастер,22
720,Куртка утепленная мужская Glissade,78490,-,No Discount,Спортмастер,0
721,Куртка утепленная мужская FILA,42690,60990,With Discount,Спортмастер,30
722,Куртка утепленная мужская Termit,25540,36490,With Discount,Спортмастер,30
723,Куртка утепленная мужская Termit,19240,27490,With Discount,Спортмастер,30
724,Куртка утепленная мужская Northland,33990,42490,With Discount,Спортмастер,20
725,Ветровка мужская Northland,33940,48490,With Discount,Спортмастер,30
726,Куртка утепленная мужская Northland,60990,78490,With Discount,Спортмастер,22
727,Куртка утепленная двусторонняя...,25540,36490,With Discount,Спортмастер,30
728,Куртка утепленная мужская Northland,33940,48490,With Discount,Спортмастер,30
729,Куртка утепленная мужская Merrell,33990,42490,With Discount,Спортмастер,20
730,Куртка софтшелл мужская Merrell,33990,42490,With Discount,Спортмастер,20
731,Куртка утепленная мужская Northland,36040,51490,With Discount,Спортмастер,30
732,Куртка софтшелл мужская Outventure,25540,36490,With Discount,Спортмастер,30
733,Куртка утепленная мужская FILA,42690,60990,With Discount,Спортмастер,30
734,Пуховик мужской Northland,72790,90990,With Discount,Спортмастер,20
735,Куртка утепленная мужская FILA,34990,49990,With Discount,Спортмастер,30
736,Куртка утепленная мужская Northland,57990,72490,With Discount,Спортмастер,20
737,Куртка утепленная мужская Northland,57990,72490,With Discount,Спортмастер,20
738,Куртка софтшелл мужская Outventure,29190,36490,With Discount,Спортмастер,20
739,Куртка утепленная мужская Termit,32190,45990,With Discount,Спортмастер,30
740,Куртка мембранная мужская Northland,21240,42490,With Discount,Спортмастер,50
741,Пуховик мужской Northland,38790,48490,With Discount,Спортмастер,20
742,Куртка мембранная мужская Northland,29740,42490,With Discount,Спортмастер,30
743,Ветровка мужская FILA,21690,30990,With Discount,Спортмастер,30
744,Куртка утепленная мужская Northland,21240,42490,With Discount,Спортмастер,50
745,Ветровка мужская Demix,24790,30990,With Discount,Спортмастер,20
746,Ветровка мужская Northland,29740,42490,With Discount,Спортмастер,30
747,Куртка утепленная мужская Termit,21690,30990,With Discount,Спортмастер,30
748,Куртка утепленная мужская Termit,59140,84490,With Discount,Спортмастер,30
749,Пальто утепленное мужское Outventure...,54490,-,No Discount,Спортмастер,0
750,Куртка мембранная мужская Northland,33240,66490,With Discount,Спортмастер,50
751,Пуховик мужской Volkl,120990,-,No Discount,Спортмастер,0
752,Пуховик мужской Outventure,66490,-,No Discount,Спортмастер,0
753,Куртка утепленная мужская IcePeak...,120990,-,No Discount,Спортмастер,0
754,Куртка утепленная мужская Volkl,96490,-,No Discount,Спортмастер,0
755,Куртка утепленная мужская Outventure...,48490,-,No Discount,Спортмастер,0
756,Куртка утепленная мужская FILA,30990,-,No Discount,Спортмастер,0
757,Пуховик мужской Outventure,36490,-,No Discount,Спортмастер,0
758,Куртка утепленная мужская Termit,60990,-,No Discount,Спортмастер,0
759,Куртка утепленная мужская Kappa,48490,-,No Discount,Спортмастер,0
760,Пуховик мужской Volkl,120990,-,No Discount,Спортмастер,0
761,Куртка мембранная мужская Northland,22990,45990,With Discount,Спортмастер,50
762,Куртка утепленная мужская Outventure...,42490,-,No Discount,Спортмастер,0
763,Куртка утепленная мужская Outventure...,48490,-,No Discount,Спортмастер,0
764,Куртка утепленная мужская FILA,66490,-,No Discount,Спортмастер,0
765,Куртка пуховая мужская Columbia Great...,242990,-,No Discount,Спортмастер,0
766,Куртка утепленная мужская Protest,72490,-,No Discount,Спортмастер,0
767,Куртка утепленная мужская Kappa,55990,-,No Discount,Спортмастер,0
768,Пуховик мужской Kappa,78490,-,No Discount,Спортмастер,0
769,Пальто утепленное мужское Kappa,64990,-,No Discount,Спортмастер,0
770,Куртка утепленная мужская Outventure...,42490,-,No Discount,Спортмастер,0
771,Куртка утепленная мужская Northland,60990,-,No Discount,Спортмастер,0
772,Пуховик мужской Outventure,54490,-,No Discount,Спортмастер,0
773,Куртка утепленная мужская Outventure...,54490,-,No Discount,Спортмастер,0
774,Куртка утепленная мужская Termit,21490,-,No Discount,Спортмастер,0
775,Куртка утепленная мужская Termit,50740,72490,With Discount,Спортмастер,30
776,Куртка мужская Columbia Bernard Bay...,78490,-,No Discount,Спортмастер,0
777,Куртка утепленная мужская Volkl,108490,-,No Discount,Спортмастер,0
778,Куртка утепленная мужская Northland,57990,72490,With Discount,Спортмастер,20
779,Куртка утепленная мужская Outventure...,42490,-,No Discount,Спортмастер,0
780,Куртка утепленная мужская Outventure...,36490,-,No Discount,Спортмастер,0
781,Куртка утепленная мужская Outventure...,54490,-,No Discount,Спортмастер,0
782,Куртка утепленная мужская Termit,30990,-,No Discount,Спортмастер,0
783,Куртка утепленная мужская Volkl,96490,-,No Discount,Спортмастер,0
784,Куртка мембранная мужская Demix,25540,36490,With Discount,Спортмастер,30
785,Куртка утепленная мужская Columbia...,84490,-,No Discount,Спортмастер,0
786,Куртка утепленная мужская Outventure...,48490,-,No Discount,Спортмастер,0
787,Пальто утепленное мужское Kappa,57490,-,No Discount,Спортмастер,0
788,Куртка утепленная мужская Nordway,21490,-,No Discount,Спортмастер,0
789,Пуховик мужской Outventure,36490,-,No Discount,Спортмастер,0
790,Куртка утепленная мужская Outventure...,21490,-,No Discount,Спортмастер,0
791,Куртка утепленная мужская Glissade,54490,-,No Discount,Спортмастер,0
792,Куртка утепленная мужская Volkl,72490,-,No Discount,Спортмастер,0
793,Куртка утепленная мужская Northland,42490,-,No Discount,Спортмастер,0
794,Куртка утепленная мужская Volkl,96490,-,No Discount,Спортмастер,0
795,Куртка утепленная мужская Glissade,60990,-,No Discount,Спортмастер,0
796,Куртка утепленная мужская Kappa,36490,-,No Discount,Спортмастер,0
797,Куртка утепленная мужская Termit,66490,-,No Discount,Спортмастер,0
798,Куртка утепленная мужская Outventure...,42490,-,No Discount,Спортмастер,0
799,Куртка утепленная мужская Outventure...,48490,-,No Discount,Спортмастер,0
800,Пуховик мужской Northland,48490,-,No Discount,Спортмастер,0
801,Куртка утепленная мужская Termit,46540,66490,With Discount,Спортмастер,30
802,Куртка утепленная мужская Glissade,54490,-,No Discount,Спортмастер,0
803,Куртка утепленная мужская Termit,36490,-,No Discount,Спортмастер,0
804,Куртка утепленная мужская Outventure...,30990,-,No Discount,Спортмастер,0
805,Куртка утепленная мужская Northland,48490,-,No Discount,Спортмастер,0
806,Куртка утепленная мужская FILA,66490,-,No Discount,Спортмастер,0
807,Куртка утепленная мужская Northland,42690,60990,With Discount,Спортмастер,30
808,Куртка утепленная мужская Outventure...,42490,-,No Discount,Спортмастер,0
809,Куртка утепленная мужская Madshus,33490,-,No Discount,Спортмастер,0
810,Куртка утепленная мужская Merrell,72490,-,No Discount,Спортмастер,0
811,Пуховик мужской Outventure,78490,-,No Discount,Спортмастер,0
812,Куртка утепленная мужская Merrell,66490,-,No Discount,Спортмастер,0
813,Куртка утепленная мужская Glissade,48490,-,No Discount,Спортмастер,0
814,Куртка утепленная мужская Merrell,66490,-,No Discount,Спортмастер,0
815,Куртка утепленная мужская Outventure...,36490,-,No Discount,Спортмастер,0
816,Пуховик мужской Kappa,78490,-,No Discount,Спортмастер,0
817,Куртка утепленная мужская Northland,48490,-,No Discount,Спортмастер,0
818,Куртка утепленная мужская Northland,51490,-,No Discount,Спортмастер,0
819,Куртка утепленная мужская Outventure...,54490,-,No Discount,Спортмастер,0
820,Пальто пуховое мужское Northland,120990,-,No Discount,Спортмастер,0
821,Куртка утепленная мужская Glissade,21490,-,No Discount,Спортмастер,0
822,Куртка утепленная мужская Glissade,36490,-,No Discount,Спортмастер,0
823,Пуховик мужской FILA,66490,-,No Discount,Спортмастер,0
824,Куртка утепленная мужская Termit,66490,-,No Discount,Спортмастер,0
825,Куртка утепленная мужская IcePeak...,120990,-,No Discount,Спортмастер,0
826,Куртка утепленная мужская Columbia...,90990,-,No Discount,Спортмастер,0
827,Пуховик мужской Kappa,78490,-,No Discount,Спортмастер,0
828,Куртка утепленная мужская Northland,72490,-,No Discount,Спортмастер,0
829,Куртка утепленная мужская Protest,39990,-,No Discount,Спортмастер,0
830,Куртка утепленная мужская Merrell,72490,-,No Discount,Спортмастер,0
831,Куртка утепленная двусторонняя...,66490,-,No Discount,Спортмастер,0
832,Куртка утепленная мужская FILA,36490,-,No Discount,Спортмастер,0
833,Куртка утепленная мужская Northland,33940,48490,With Discount,Спортмастер,30
834,Куртка утепленная мужская IcePeak...,114490,-,No Discount,Спортмастер,0
835,Пуховик мужской FILA,66490,-,No Discount,Спортмастер,0
836,Куртка утепленная мужская Madshus,42490,-,No Discount,Спортмастер,0
837,Куртка утепленная мужская Columbia...,90990,-,No Discount,Спортмастер,0
838,Куртка утепленная мужская Demix,54490,-,No Discount,Спортмастер,0
839,Куртка утепленная мужская Demix,54490,-,No Discount,Спортмастер,0
840,Пальто утепленное мужское Kappa,57490,-,No Discount,Спортмастер,0
841,Куртка утепленная мужская Columbia...,84490,-,No Discount,Спортмастер,0
842,Куртка утепленная мужская Protest,90990,-,No Discount,Спортмастер,0
843,Куртка утепленная мужская Termit,84490,-,No Discount,Спортмастер,0
844,Куртка утепленная мужская IcePeak...,114490,-,No Discount,Спортмастер,0
845,Куртка утепленная мужская Protest,72490,-,No Discount,Спортмастер,0
846,Куртка утепленная мужская Protest,27990,39990,With Discount,Спортмастер,30
847,Куртка утепленная мужская Outventure...,48490,-,No Discount,Спортмастер,0
848,Пуховик мужской Outventure,54490,-,No Discount,Спортмастер,0
849,Куртка утепленная мужская Northland,72490,-,No Discount,Спортмастер,0
850,Куртка утепленная мужская IcePeak...,114490,-,No Discount,Спортмастер,0
851,Куртка утепленная мужская Termit,29740,42490,With Discount,Спортмастер,30
852,Пуховик мужской Swix Focus,107490,-,No Discount,Спортмастер,0
853,Куртка утепленная мужская IcePeak...,102490,-,No Discount,Спортмастер,0
854,Куртка утепленная мужская Glissade,42490,-,No Discount,Спортмастер,0
855,Куртка утепленная мужская Termit,84490,-,No Discount,Спортмастер,0
856,Куртка утепленная мужская Merrell,33990,42490,With Discount,Спортмастер,20
857,Куртка утепленная мужская Madshus,42490,-,No Discount,Спортмастер,0
858,Куртка утепленная мужская Swix...,84490,-,No Discount,Спортмастер,0
859,Пуховик мужской Swix Focus,107490,-,No Discount,Спортмастер,0
860,Куртка утепленная мужская Merrell,60990,-,No Discount,Спортмастер,0
861,Куртка утепленная мужская Columbia Oak...,96490,-,No Discount,Спортмастер,0
862,Куртка утепленная мужская Glissade,66490,-,No Discount,Спортмастер,0
863,Куртка утепленная мужская Merrell,54490,-,No Discount,Спортмастер,0
864,Куртка утепленная мужская Termit,60990,-,No Discount,Спортмастер,0
865,Куртка софтшелл мужская Swix Cross,66490,-,No Discount,Спортмастер,0
866,Куртка утепленная мужская Glissade,66490,-,No Discount,Спортмастер,0
867,Ветровка мужская FIFA World Cup Qatar...,13990,27990,With Discount,Спортмастер,50
868,Куртка софтшелл мужская IcePeak...,48490,-,No Discount,Спортмастер,0
869,Куртка утепленная мужская Nordway,36490,-,No Discount,Спортмастер,0
870,Куртка утепленная мужская Merrell,60990,-,No Discount,Спортмастер,0
871,Куртка утепленная мужская Protest,54490,-,No Discount,Спортмастер,0
872,Куртка утепленная мужская FILA,21240,42490,With Discount,Спортмастер,50
873,Куртка утепленная мужская Termit,54490,-,No Discount,Спортмастер,0
874,Куртка утепленная мужская IcePeak...,72490,-,No Discount,Спортмастер,0
875,Куртка утепленная мужская IcePeak...,102490,-,No Discount,Спортмастер,0
876,Куртка утепленная мужская Glissade,42490,-,No Discount,Спортмастер,0
877,Ветровка мужская Demix,21990,27490,With Discount,Спортмастер,20
878,Куртка утепленная мужская FILA,54490,-,No Discount,Спортмастер,0
879,Куртка утепленная мужская Northland,60990,-,No Discount,Спортмастер,0
880,Куртка утепленная мужская Glissade,30990,-,No Discount,Спортмастер,0
881,Куртка утепленная мужская Columbia...,78490,-,No Discount,Спортмастер,0
882,Ветровка мужская Demix,25540,36490,With Discount,Спортмастер,30
883,Пальто пуховое мужское FILA,90990,-,No Discount,Спортмастер,0
884,Куртка софтшелл мужская Madshus,42490,-,No Discount,Спортмастер,0
885,Куртка софтшелл мужская Outventure,29190,36490,With Discount,Спортмастер,20
886,Куртка утепленная мужская Nordway,36490,-,No Discount,Спортмастер,0
887,Куртка утепленная мужская IcePeak...,120990,-,No Discount,Спортмастер,0
888,Пальто утепленное мужское FILA,60990,-,No Discount,Спортмастер,0
889,Куртка мужская Columbia Youngberg...,90990,-,No Discount,Спортмастер,0
890,Куртка мембранная мужская Demix,36490,-,No Discount,Спортмастер,0
891,Куртка утепленная мужская Madshus,42490,-,No Discount,Спортмастер,0
892,Куртка утепленная мужская Volkl,108490,-,No Discount,Спортмастер,0
893,Куртка утепленная мужская IcePeak...,72490,-,No Discount,Спортмастер,0
894,Куртка утепленная мужская Columbia...,114490,-,No Discount,Спортмастер,0
895,Куртка пуховая мужская Columbia South...,169990,-,No Discount,Спортмастер,0
896,Куртка утепленная мужская Kappa,36490,-,No Discount,Спортмастер,0
897,Куртка софтшелл мужская Swix Triac,47490,-,No Discount,Спортмастер,0
898,Куртка утепленная мужская Columbia...,138490,-,No Discount,Спортмастер,0
899,Куртка утепленная мужская Columbia...,90990,-,No Discount,Спортмастер,0
900,Куртка утепленная мужская Volkl,90990,-,No Discount,Спортмастер,0
901,Куртка утепленная мужская Termit,36490,-,No Discount,Спортмастер,0
902,Куртка софтшелл мужская Merrell,42490,-,No Discount,Спортмастер,0
903,Пуховик мужской Merrell,90990,-,No Discount,Спортмастер,0
904,Куртка утепленная мужская Volkl,90990,-,No Discount,Спортмастер,0
905,Пуховик мужской Demix,78490,-,No Discount,Спортмастер,0
906,Куртка утепленная мужская Outventure...,48490,-,No Discount,Спортмастер,0
907,Пальто пуховое мужское FILA,90990,-,No Discount,Спортмастер,0
908,Куртка утепленная мужская Merrell,54490,-,No Discount,Спортмастер,0
909,Пуховик мужской Northland,102490,-,No Discount,Спортмастер,0
910,Куртка утепленная мужская Outventure...,42490,-,No Discount,Спортмастер,0
911,Куртка утепленная мужская Northland,60990,-,No Discount,Спортмастер,0
912,Пуховик мужской Mountain Hardwear...,144490,-,No Discount,Спортмастер,0
913,Куртка утепленная мужская Glissade,36490,-,No Discount,Спортмастер,0
914,Куртка утепленная мужская IcePeak...,102490,-,No Discount,Спортмастер,0
915,Куртка утепленная мужская IcePeak...,120990,-,No Discount,Спортмастер,0
916,Куртка утепленная мужская Demix,60990,-,No Discount,Спортмастер,0
917,Куртка утепленная мужская Columbia...,126490,-,No Discount,Спортмастер,0
918,Куртка утепленная мужская IcePeak...,87490,-,No Discount,Спортмастер,0
919,Пуховик мужской Merrell,90990,-,No Discount,Спортмастер,0
920,Куртка утепленная мужская Volkl,78490,-,No Discount,Спортмастер,0
921,Куртка утепленная мужская Volkl,90990,-,No Discount,Спортмастер,0
922,Куртка утепленная мужская Protest,54490,-,No Discount,Спортмастер,0
923,Куртка утепленная мужская Outventure...,42490,-,No Discount,Спортмастер,0
924,Пуховик мужской Northland,102490,-,No Discount,Спортмастер,0
925,Куртка утепленная мужская Demix,48490,-,No Discount,Спортмастер,0
926,Куртка утепленная мужская Demix,48490,-,No Discount,Спортмастер,0
927,Пальто утепленное мужское Demix,60990,-,No Discount,Спортмастер,0
928,Куртка утепленная мужская IcePeak...,114490,-,No Discount,Спортмастер,0
929,Пуховик мужской Northland,90990,-,No Discount,Спортмастер,0
930,Куртка утепленная мужская IcePeak...,87490,-,No Discount,Спортмастер,0
931,Куртка утепленная мужская Termit,78490,-,No Discount,Спортмастер,0
932,Куртка утепленная мужская Volkl,66490,-,No Discount,Спортмастер,0
933,Куртка софтшелл мужская IcePeak...,48490,-,No Discount,Спортмастер,0
934,Куртка утепленная мужская Outventure...,21490,-,No Discount,Спортмастер,0
935,Куртка утепленная мужская Outventure...,54490,-,No Discount,Спортмастер,0
936,Пуховик мужской Volkl,72490,-,No Discount,Спортмастер,0
937,Куртка утепленная мужская Northland,42490,-,No Discount,Спортмастер,0
938,Куртка утепленная мужская IcePeak...,132490,-,No Discount,Спортмастер,0
939,Куртка пуховая мужская Columbia Peak...,199990,-,No Discount,Спортмастер,0
940,Куртка утепленная мужская Demix,36490,-,No Discount,Спортмастер,0
941,Пуховик мужской Volkl,138490,-,No Discount,Спортмастер,0
942,Пуховик мужской Volkl,66490,-,No Discount,Спортмастер,0
943,Пуховик мужской Northland,120990,-,No Discount,Спортмастер,0
944,Куртка утепленная мужская Volkl,72490,-,No Discount,Спортмастер,0
945,Пуховик мужской Outventure,72490,-,No Discount,Спортмастер,0
946,Куртка утепленная мужская Columbia...,108490,-,No Discount,Спортмастер,0
947,Куртка утепленная мужская IcePeak...,132490,-,No Discount,Спортмастер,0
948,Куртка утепленная мужская Bask Sangar...,249990,-,No Discount,Спортмастер,0
949,Куртка утепленная мужская Termit,54490,-,No Discount,Спортмастер,0
950,Куртка утепленная мужская Termit,54490,-,No Discount,Спортмастер,0
951,Куртка утепленная мужская Northland,60990,-,No Discount,Спортмастер,0
952,Куртка утепленная мужская Termit,54490,-,No Discount,Спортмастер,0
953,Пуховик мужской Bask Vorgol V2,272990,-,No Discount,Спортмастер,0
954,Куртка утепленная мужская IcePeak...,114490,-,No Discount,Спортмастер,0
955,Куртка софтшелл мужская IcePeak...,48490,-,No Discount,Спортмастер,0
956,Пуховик мужской Northland,78490,-,No Discount,Спортмастер,0
957,Пуховик мужской Northland,120990,-,No Discount,Спортмастер,0
958,Куртка утепленная мужская Termit,54490,-,No Discount,Спортмастер,0
959,Куртка утепленная мужская Volkl,157990,-,No Discount,Спортмастер,0
960,Пуховик мужской Outventure,72490,-,No Discount,Спортмастер,0
961,Пуховик мужской Outventure,66490,-,No Discount,Спортмастер,0
962,Куртка утепленная мужская Termit,42490,-,No Discount,Спортмастер,0
963,Пуховик мужской Volkl,138490,-,No Discount,Спортмастер,0
964,Куртка утепленная мужская Termit,42490,-,No Discount,Спортмастер,0
965,Куртка утепленная мужская Protest,54490,-,No Discount,Спортмастер,0
966,Пуховик мужской Northland,78490,-,No Discount,Спортмастер,0
967,Куртка утепленная мужская Outventure...,36490,-,No Discount,Спортмастер,0
968,Ветровка мужская Demix,22490,-,No Discount,Спортмастер,0
969,Пуховик мужской Demix,66490,-,No Discount,Спортмастер,0
970,Пуховик мужской Mountain Hardwear...,152990,-,No Discount,Спортмастер,0
971,Куртка софтшелл мужская Columbia...,60990,-,No Discount,Спортмастер,0
972,Куртка утепленная мужская Glissade,78490,-,No Discount,Спортмастер,0
973,Курта мембранная мужская Demix,20990,-,No Discount,Спортмастер,0
974,Куртка утепленная мужская Glissade,78490,-,No Discount,Спортмастер,0
975,Куртка утепленная мужская IcePeak...,72490,-,No Discount,Спортмастер,0
976,Куртка утепленная мужская Demix,48490,-,No Discount,Спортмастер,0
977,Куртка утепленная мужская Demix,30990,-,No Discount,Спортмастер,0
978,Куртка пуховая мужская Columbia Delta...,90990,-,No Discount,Спортмастер,0
979,Куртка утепленная мужская IcePeak...,72490,-,No Discount,Спортмастер,0
980,Пуховик мужской Northland,90990,-,No Discount,Спортмастер,0
981,Пуховик мужской Demix,78490,-,No Discount,Спортмастер,0
982,Пуховик мужской Demix,72490,-,No Discount,Спортмастер,0
983,Куртка пуховая мужская Columbia...,108490,-,No Discount,Спортмастер,0
984,Куртка утепленная мужская Outventure...,21490,-,No Discount,Спортмастер,0
985,Куртка утепленная мужская Outventure...,48490,-,No Discount,Спортмастер,0
986,Ветровка мужская Demix,27490,-,No Discount,Спортмастер,0
987,Куртка софтшелл мужская IcePeak Mikado...,90990,-,No Discount,Спортмастер,0
988,Куртка утепленная мужская Demix,48490,-,No Discount,Спортмастер,0
989,Пуховик мужской Demix,72490,-,No Discount,Спортмастер,0
990,Куртка пуховая мужская Columbia Delta...,78490,-,No Discount,Спортмастер,0
991,Куртка утепленная мужская Ziener...,81990,-,No Discount,Спортмастер,0
992,Куртка утепленная мужская Demix,30990,-,No Discount,Спортмастер,0
993,Куртка утепленная мужская Demix,48490,-,No Discount,Спортмастер,0
994,Куртка утепленная мужская Demix,39490,-,No Discount,Спортмастер,0
995,Пуховик мужской Outventure,72490,-,No Discount,Спортмастер,0
996,Куртка утепленная мужская Demix,48490,-,No Discount,Спортмастер,0
997,Куртка утепленная мужская Ziener Pafi...,81990,-,No Discount,Спортмастер,0
998,Куртка утепленная мужская Demix,66490,-,No Discount,Спортмастер,0
999,Куртка утепленная мужская Demix,48490,-,No Discount,Спортмастер,0
1000,Куртка утепленная мужская IcePeak...,84490,-,No Discount,Спортмастер,0
1001,Куртка утепленная мужская Ziener Palud...,96490,-,No Discount,Спортмастер,0
1002,Куртка утепленная мужская Ziener Paaca...,96490,-,No Discount,Спортмастер,0
1003,Куртка утепленная мужская IcePeak...,108490,-,No Discount,Спортмастер,0
1004,Куртка утепленная мужская Glissade,120990,-,No Discount,Спортмастер,0
1005,Куртка утепленная мужская Demix,48490,-,No Discount,Спортмастер,0
1006,Куртка утепленная мужская IcePeak...,108490,-,No Discount,Спортмастер,0
1007,Куртка утепленная мужская Demix,66490,-,No Discount,Спортмастер,0
1008,Куртка пуховая мужская Columbia Delta...,78490,-,No Discount,Спортмастер,0
1009,Куртка утепленная мужская adidas...,90990,-,No Discount,Спортмастер,0
1010,Куртка утепленная мужская Ziener...,81990,-,No Discount,Спортмастер,0
1011,Куртка утепленная мужская IcePeak...,120990,-,No Discount,Спортмастер,0
1012,Куртка утепленная мужская Luhta...,169990,-,No Discount,Спортмастер,0
1013,Куртка утепленная мужская Outventure...,42490,-,No Discount,Спортмастер,0
1014,Пальто утепленное мужское Demix,60990,-,No Discount,Спортмастер,0
1015,Куртка утепленная мужская Demix,60990,-,No Discount,Спортмастер,0
1016,Куртка утепленная мужская Demix,30990,-,No Discount,Спортмастер,0
1017,Куртка утепленная мужская Demix,39490,-,No Discount,Спортмастер,0
1018,Пуховик мужской Bask Taimyr V3,292990,-,No Discount,Спортмастер,0
1019,Куртка утепленная мужская IcePeak...,84490,-,No Discount,Спортмастер,0
1020,Пуховик мужской Demix,66490,-,No Discount,Спортмастер,0
1021,Пуховик мужской Bask Vorgol V2,272990,-,No Discount,Спортмастер,0
1022,Куртка утепленная мужская Luhta...,117490,-,No Discount,Спортмастер,0
1023,Пуховик мужской Demix,72490,-,No Discount,Спортмастер,0
1024,Пуховик мужской Bask Asgard Mj,367990,-,No Discount,Спортмастер,0
1025,Пуховик мужской Bask Chamonix Light Mj...,123990,-,No Discount,Спортмастер,0
1026,Куртка утепленная мужская adidas...,144490,-,No Discount,Спортмастер,0
1027,Куртка утепленная мужская IcePeak...,72490,-,No Discount,Спортмастер,0
1028,Куртка софтшелл мужская Rukka Muska,54490,-,No Discount,Спортмастер,0
1029,Куртка утепленная мужская IcePeak...,126490,-,No Discount,Спортмастер,0
1030,Куртка утепленная мужская IcePeak...,72490,-,No Discount,Спортмастер,0
1031,Куртка утепленная мужская IcePeak...,108490,-,No Discount,Спортмастер,0
1032,Куртка утепленная мужская Mountain...,242990,-,No Discount,Спортмастер,0
1033,Куртка утепленная мужская IcePeak...,108490,-,No Discount,Спортмастер,0
1034,Куртка утепленная мужская IcePeak...,120990,-,No Discount,Спортмастер,0
1035,Пуховик мужской Demix,78490,-,No Discount,Спортмастер,0
1036,Куртка утепленная мужская Outventure...,42490,-,No Discount,Спортмастер,0
1037,Куртка софтшелл мужская Fischer...,66490,-,No Discount,Спортмастер,0
1038,Куртка утепленная мужская Columbia...,90990,-,No Discount,Спортмастер,0
1039,Пуховик мужской Bask Signal,264990,-,No Discount,Спортмастер,0
1040,Куртка утепленная мужская Luhta...,117490,-,No Discount,Спортмастер,0
1041,Куртка утепленная мужская IcePeak...,120990,-,No Discount,Спортмастер,0
1042,Куртка утепленная мужская IcePeak...,126490,-,No Discount,Спортмастер,0
1043,Куртка мембранная мужская Mountain...,120990,-,No Discount,Спортмастер,0
1044,Куртка утепленная мужская Luhta...,169990,-,No Discount,Спортмастер,0
1045,Пуховик мужской Outventure,66490,-,No Discount,Спортмастер,0
1046,Куртка софтшелл мужская IcePeak Mikado...,90990,-,No Discount,Спортмастер,0
1047,Куртка утепленная мужская IcePeak...,120990,-,No Discount,Спортмастер,0
1048,Куртка мембранная мужская PUMA...,32490,-,No Discount,Спортмастер,0
1049,Куртка утепленная мужская Luhta...,117490,-,No Discount,Спортмастер,0
1050,Пуховик мужской Bask Signal,264990,-,No Discount,Спортмастер,0
1051,Пуховик мужской adidas Essentials...,84490,-,No Discount,Спортмастер,0
1052,Куртка софтшелл мужская Bask Sarma,91490,-,No Discount,Спортмастер,0
1053,Пуховик мужской Mountain Hardwear...,144490,-,No Discount,Спортмастер,0
1054,Куртка софтшелл мужская Fischer Basic...,69490,-,No Discount,Спортмастер,0
1055,Куртка утепленная мужская IcePeak...,120990,-,No Discount,Спортмастер,0
1056,Пуховик мужской Mountain Hardwear...,182990,-,No Discount,Спортмастер,0
1057,Пуховик мужской Bask Meridian,207990,-,No Discount,Спортмастер,0
1058,Пуховик мужской Bask Chamonix Light Mj...,123990,-,No Discount,Спортмастер,0
1059,Куртка утепленная мужская Luhta...,90990,-,No Discount,Спортмастер,0
1060,Куртка утепленная мужская IcePeak...,114490,-,No Discount,Спортмастер,0
1061,Куртка утепленная мужская Mountain...,120990,-,No Discount,Спортмастер,0
1062,Куртка софтшелл мужская Bask Sarma,91490,-,No Discount,Спортмастер,0
1063,Куртка утепленная мужская IcePeak...,114490,-,No Discount,Спортмастер,0
1064,Куртка утепленная мужская Luhta...,90990,-,No Discount,Спортмастер,0
1065,Куртка утепленная мужская Luhta...,90990,-,No Discount,Спортмастер,0
1066,Куртка утепленная мужская Mountain...,144490,-,No Discount,Спортмастер,0
1067,Куртка мембранная мужская Salomon...,67990,-,No Discount,Спортмастер,0
1068,Пуховик мужской Mountain Hardwear...,182990,-,No Discount,Спортмастер,0
1069,Куртка утепленная мужская Mountain...,144490,-,No Discount,Спортмастер,0
1070,Пуховик мужской Mountain Hardwear...,144490,-,No Discount,Спортмастер,0
1071,Куртка мембранная мужская Salomon...,94990,-,No Discount,Спортмастер,0
1072,Куртка мембранная мужская Salomon...,94990,-,No Discount,Спортмастер,0
1073,Куртка утепленная мужская Columbia...,84490,-,No Discount,Спортмастер,0
